timestamp,reviews,sentiment
2023-05-19 06:20:25,做好個人的証件認証後，在依系統要求脫帽眼鏡下，做臉部驗証時，為什麼系統呈現在一個似乎不穩定狀態，迴圈一直前後來回的跑，為什麼會這樣？,neutral
2023-04-13 16:09:00,总体感觉相对较好的交易所了，邀请码：13837288减免40%交易手续费用。注册时填写。相对来说比欧易好一些，交易的山寨币很多，合约也非常棒！！,very_good
2023-05-19 09:52:03,越来越符合国人的交易习惯，用了好几年感觉非常棒。新用户填我的邀请码13837288。返还40%交易手续费用，注册时候一定要填写。各位加油！,very_good
2023-05-12 06:31:09,闪兑的价格失真得离谱，某个币直接在现货交易可以买16300个币，在闪兑只能换15800个，不知道是币安又一割韭菜产品还是因为某些原因价格没及时更新。更可笑的是还声称闪兑没有手续费而且更方便，但其实用过的人都知道，通过闪兑买的币比你直接到现货交易买到手的币会更少,very_bad
2023-04-18 01:58:49,能不能弄个功能同步一下几个系统客户端之间的k线保存啊，换个设备k线划的线就全无，电脑端和手机端的划线应该要能同步啊。,very_bad
2023-04-08 00:13:08,很垃圾注册时遇到困难，验证码不是30分钟有效吗？可注册填写验证码有时间限制，等打开邮箱查验证码在添写时显示邮箱验证码不正确。,very_bad
2023-02-10 16:12:27,我的手机打开夜间模式，经常出现底部导航栏底色变白，出现这种情况还有k线图的背景图。这个情况已经出现两个版本了，希望开发者可以修复它。,bad
2023-04-10 16:47:54,币安是功能齐全界面简洁的加密货币交易软件，支持多种数字货币交易，提供实时的行情数据和专业的分析工具，让用户时时掌握市场动态，非常不错！,very_good
2023-04-15 00:47:53,界面流畅，非常好用，还经常送合约赠金，使用我的优惠码：CZK7J2HQ，可获得40%手续费返还，而且可以拿到500U的体验金，不用白不用！CZK7J2HQ,very_good
2023-06-10 12:09:22,新加入币安的朋友大家好，注册时填写我的邀请码：13837288。返还40%交易手续费用，币安交易所体验非常棒！欢迎大家加入！,very_good
2023-04-24 12:10:16,总体来说不愧是宇宙所，使用体验我个人感觉还是比其它交易所好，界面清晰简洁，币种丰富，有新注册的可以在注册时候填写推荐码YKALVESV，可以减免40%手续费,very_good
2023-06-02 10:59:17,一段时间没有登陆，提示验证身份， 验证若干次都不能通过,very_bad
2023-02-01 03:43:33,还行吧。虽然日常bug会有，有几个版本甚至和gboard冲突无法输入账号。。。当然也还可以了，大多数页面都有提醒和教程，小白也不见得不能用。当然注册时别忘了填邀请码，随便一搜就有可以省不少手续费(手续费率优惠政策。不介意可以直接填下放邀请马: CPA_00VTRHUSF7 。祝大家都能赚钱。,very_bad
2023-03-31 05:23:02,用了一个多月总体来说还是非常不错的，自选里面可以分组，就像股票一样那就更好了，有时候不知道是网络的原因还是VP的原因，登录比较慢。其他都挺好。,good
2023-05-31 11:52:04,总体上是相对较好的交易所了。 邀请id～～RG1GA0J0，返佣，用我的邀请推荐操作。 我觉得最应该修改的地方～～新币上市要提示上市时间，新币上市可以按照上市时间查询。ok提示你们为什么不提示？另外涨跌幅要有中国时间表，因为有很多中国用户。 你们币安要是雇佣我，我天天诚心为你们服务。网络雇佣就行，人最好不用过去，我有电脑手机，可以翻墙。,good
2023-04-21 03:03:46,作为全球领先的数字货币交易平台之一，币安提供了一款功能强大的移动应用程序，帮助用户通过手机进行加密货币交易。币安App提供了丰富的加密货币交易功能，包括市价单、限价单、止损单等，同时也支持多种加密货币的交易，用户使用起来非常方便。币安App提供了高级安全保障措施，包括设有交易密码、双重认证等安全功能，同时支持多种加密货币的存储，有能力保障用户的资产安全。此外，币安还设有严格的风险控制措施，对可疑操作进行监控，确保交易的合法性和安全性。币安App的用户界面设计简洁明了，操作流畅，用户上手非常容易！！,very_good
2023-04-07 12:28:24,最近一次更新以后一加手机老是提醒币安APP为危险应用，建议删除。怎么办？,very_bad
2023-03-30 09:48:28,"新人加入币安的朋友们大家好，邀请码:#42576489#填写币安邀请码:42576489还能有40%提现手续费折扣，数字货币交易频繁能省下一大笔钱，不填邀请码是没有手续费返还的,手续费不便宜，如果没有返还的话，会影响本金， 请记得填写哦。币安这个平台我一直在使用，很快速，稳定，安全。不得不给个5星好评，现在币安交易平台已经是龙头老大，甚至全球也是数一数二，是我们中国的骄傲，大家加油！！新加入的小伙伴冲鸭！拥抱区块链！！！拥抱数字资产！！！",very_good
2023-05-13 02:59:34,app使用非常流畅，币安安全可靠，注册时用我的邀请码13837288能够获得40%交易手续费返还。希望这个邀请码能够给你带来好运气。,very_good
2023-05-04 08:02:17,作为一名用过5年各种大小交易所的用户，币安确实是便捷实用性方面更胜一筹，大家可以注册时添加我的邀请码98564664，期待在交易的道路上共同进步。,very_good
2023-04-19 08:45:18,币安yyds简洁的画面，基本没有什么较大的插针，力挺币安,good
2023-02-28 10:55:30,与okx和火币对比了一下，感觉还是币安，好一点，币种全一些，深度好一点，合约深一点，有个缺点是经常需要重新登录，可能出于安全考虑，还是非常不错的。,good
2023-03-13 15:15:46,用起来很麻烦，账户过于繁多而杂乱，划转也太麻烦。限制过于多交易，不够方便快捷，程序员有没有自己体验过？一堆乱七八糟的账户，杠杆倍数限制太多。而且作为平台要以用户为中心。不要搞得交易繁琐，这玩意拼的就可能是那么几秒几分钟。该精简账户，划转麻烦得很。幅图颜色太浅不易查看,bad
2023-04-14 22:24:46,很不错的app了 比同类好太多 不愧大平台 使用体验也很好 给你32个赞👍👍👍,bad
2023-02-12 17:12:46,越来越差劲了，动不动就自动跳出，要不就是突然开不了单，要不就是卸载重装还总是装不了，太差劲了,very_bad
2023-05-16 07:59:36,操作简单，而且到账块，微和宝都可以使用，炒币20W一小时22w，非常棒，需要的一起看我操作，我的邀请码是CPA_006I5JES03,neutral
2023-03-13 17:13:17,感觉什么都好，就是新币上线的时候没有提醒，找客服，感觉客服太机械，没有欧易方便，建议新币上线的时候公告一下,neutral
2023-05-29 02:50:15,好好的合约K线图为什么比例搞的面目全非？1小时4小时根本没法看像以前分钟图,good
2021-05-19 08:07:13,人在德国，下完app做认证的时候风险问卷可以跳过不填，但是跳过了之后就再也打不开这个问卷了，系统里没有提供任何再次打开这个问卷的入口，系统又一直提示必须要完成这个问卷，否则很多基本功能不能用，死循环了。找客服反映情况，说这是特殊问题啥时候解决不清楚。。。真的是很无语，那么明显的bug,very_bad
2023-02-23 12:59:03,很奇怪，play商店里下载的版本在大陆不用vpn就不能进入，但是在币安网站下载的版本就可以不用vpn就可以进入。,bad
2023-05-16 16:33:19,非常好用的钱包软件。,good
2023-03-31 13:37:22,更新后都打不开了,bad
2023-05-17 09:07:19,总体还可以吧，币安有返佣机制，填写邀请码DIOEAKNV最少有20%返佣，亲自测试，可以省不少钱！,very_good
2023-04-02 16:01:28,应该添加一个显示持仓成本功能会更好！,very_good
2023-05-13 04:20:09,币安是功能齐全界面简洁的加密货币交易软件，邀请码：FDDE750L注册时填写，获得40%交易手续费返还。币安是现在最为顶流的交易所。安全放心！,very_good
2023-05-07 16:49:08,币安的app和电脑版都做得比okx差了一个次元。不可以把币子分模块吗我意思是像okx那样简单明了的分类。而不是你们现在这种乱七八糟的。,bad
2023-04-05 04:02:09,就是U不知道出售给谁好。都冻结。有好的建议加我抖音sandi.666,very_bad
2023-04-06 06:00:41,老是闪退是什么原因？,very_bad
2023-06-10 12:24:03,一直人机校验无法通过,very_bad
2023-01-15 06:51:56,服务糟糕透了，我身份认证以后不知道为什么给我取消掉了，还没法进行交易，我无法进行任何交易，错过了时机，让我损失掉好多钱,very_bad
2023-02-24 01:59:30,用起来很顺畅，就是合约操作起来说不实话比不上隔壁ok，略繁琐,good
2023-03-09 18:14:42,这个交易所都蛮好用的，要是能像ok那样，记录买入本金就更好了,very_good
2022-12-31 14:50:01,更新完之后，想把全部虚拟货币提出都不让了，还提示所剩余额不足，made只让提一半，明着抢劫啊,very_bad
2023-01-10 01:03:03,香港ip连接不到用户登录，一直卡在登录界面，是不是跑路了,very_bad
2023-03-28 05:08:13,三星s22手机，更新最新版后一直闪退,neutral
2021-08-31 23:10:32,蛮好的！如果可以，希望能加入自定义周期功能，每个人玩的周期不同，技术方案也不一样，自定义功能往往能解决一些特定的个人需求！,good
2023-05-25 11:10:10,欧易okx对比币安Binance界面对大陆用户更友好界面操作简洁易懂，有需要注册欧易的朋友可以填写邀请码：42487171，您可获得最高价值6万元的数字货币盲盒，和账号永久享受最高40%的手续费减免。（记得填写 42487171 才能获取盲盒减免手续费噢）,good
2023-05-31 11:48:09,一直用专业版，比较好用,good
2023-02-18 03:16:35,越更新越不符合使用习惯，希望能自己选择使用旧版UI或者新版,bad
2023-03-30 18:47:08,最近更新以后，可以稳定使用了,good
2023-03-14 14:13:55,币安最近什么情况啊，老是登录不上，开梯子也登录不上,very_bad
2023-05-19 15:47:58,币安在加密交易里yyds的存在，初次使用币安邀请码ACUJLS79。获得40%交易手续费返还。希望这个邀请码能够给你带来好运。,very_good
2023-02-24 07:31:52,涨跌幅可以根据时区调整，请把成交量也该为根据时区调整。,very_bad
2023-03-22 17:52:35,小组件功能就不添加了是吗？还是就三星型号的手机没有？,bad
2023-01-16 07:48:48,更新后出现闪退，登录不了,very_bad
2023-05-20 14:45:20,简洁快捷才是我们想要的交易所,very_good
2021-05-15 02:18:12,经常是我输入指定价格后，滑动的时候容易触碰到买卖单的列表，导致我的价格改变，这点特别恶心。而且只要是触摸到了就会改动，就算你是向下滑动也算你点击了。好几次搞得我的限价单都不是我想要的，还好我投的少，投的多了要是被这样坑，看你们会不会被骂死。,very_bad
2021-10-20 21:04:05,问题: 2fa验证码错误，绑定不上币安验证，谷歌验证 有没有其他方式联系到客服 请回复一下，谢谢 [[事情起因，更新了手机系统和最新版本APP，之后一直提示绑定验证器，可是无论如何都不能绑定，找到网站了，但是没有找到怎么解决这个问题的方法、登录平台网址之后一直卡在让绑定验证器，试了非常多的次数，都是显示2fa验证码错误，我已经有邮箱验证和手机验证了，为什么非要强制我绑定，，，，，，，您说出现问提的账户ID是让我直接这样发在评论区吗，请问客服]],very_bad
2023-03-06 01:25:23,"可以进入,但会出现闪退问题",neutral
2022-09-10 03:19:13,清理手机不小心删了币安验证器，然后进入死循环。没验证码不能登录，要重新下载验证器又要先登录，谷歌商店里也搜不到。指纹识别也有，人脸识别也有，它就是不让登录，非要验证器验证码。,very_bad
2022-10-22 14:38:42,软件挺符合国人的使用习惯的，本人喜欢超短线策略，在今年大熊市的背景下资产也翻了好几倍，欢迎大家添加微信PiCoins一起交流。温馨提示:大家推荐码不要空着，不填没有手续费返还，填写推荐码:B7CCF9LF，可以获得百分之十的手续费返还，祝大家别墅靠海！,very_good
2022-05-29 04:47:45,流畅，用起来不错，希望想桌面版本能加入订单成交通知功能，非常实用😊😊。补充，新版偶尔闪退。。。,good
2021-12-28 02:56:25,币安12月24日ooki币技术原因导致我们的亏损，但是经过几天时间，币安还是决定赔付给遭受损失的用户全部损失，我已经拿到了币安发放的赔付现金券！币安牛逼！没有寒了用户的心！币安加油！ 不过币安团队需要解决新版本的程序bug问题，新版本本身会使得相同网络环境情况下与老版本网络通畅性的不同，新版本很卡，老版本1.41.2不会卡。希望币安尽快解决。,very_bad
2022-11-28 11:50:26,挺好的 但是希望能增加用户使用体验 比如字体大小和界面的相关调整的设置 有的手机系统不适配的话 会变成“长辈模式”,neutral
2022-05-21 16:26:57,同类别之中最优秀的平台。希望能在使用流畅性，和交互界面上再有提高。,very_good
2021-11-08 07:56:10,K线图功能太少了，不好用，横纵坐标都没标出。 前面是一九年的评价，感觉过了好久啊，如果回到那个时候，只想多买点比特币。,bad
2021-10-28 07:36:55,C2C交易，尤其是市场行情波动时，对方故意取消订单，毫无交易信用，根本没法即时完成交易。平台没有任何惩罚措施。垃圾。,very_bad
2023-01-14 07:12:14,为啥没有账号总体盈亏的展示？希望能加上,very_bad
2021-05-17 04:03:17,"真实使用这个app是非常差的，你遇到紧急情况想联系客服人工回答是不可能，因为你人工发送消息连发送按钮都不会给你出现，你怎么可能联系上人工？app使用中会出现很多问题,这些下载量几乎都是想赚所谓佣金的人下载的，以为自己真能通过这个赚到钱。",bad
2023-03-23 15:14:34,更新后，小米9闪退严重,very_bad
2021-05-20 00:55:40,总的来说不错，给我们中国人带来了发财的机会。但是软件经常各种问题，比如理财产品有时候无法提取到现货钱包，币提不出来，经常出些问题，愿币安能越做越好。,bad
2023-04-07 18:40:39,还行吧，要是不亏钱的话就更好,very_good
2021-11-13 22:02:47,无法重置密码，一直提示系统忙，网页和app都不行，在线客服是ai什么都做不了，没有客服电话，没有email，什么售后都没有！已经一个星期了还是没有办法把我的钱取出来,very_bad
2023-03-24 06:00:45,体验感很一般，为什么做合约交易的时候，不能像Mt4一样，有默认仓位或者说记忆仓位，每次需要输入仓位 非常糟糕,bad
2022-10-30 01:25:12,建议自选可以自定义，能多设置几个自选，可以修改自选名称，不然币种多了观察起来太乱了，文华随身行的设计很有参考性，希望对此有帮助,neutral
2023-01-23 00:56:40,怎么最近老是登录不上，一直在循环登录。,very_bad
2019-12-19 07:49:48,还不错，今年收益竟然翻了几番。大家推荐码不要空着，不写没有手续费返还。现货用户填推荐ID:38433401，合约用户填写:a88，可获得百分之十手续费返还。欢迎大家添加微信:PiCoins，大家相互交流。祝大家赚得盆满钵满！,very_bad
2023-04-08 22:48:21,用信用卡买币买了几次都显示购买失败,very_bad
2023-04-13 12:59:42,更新后变卡了,neutral
2022-11-27 06:09:15,Binance feed 推送的文章，点击进去看不了，一直都在缓冲中，更新最新版本的也不行，不知道是不是需要科学上网才行,very_bad
2021-11-06 05:47:04,邀请码55878811新加入币安的朋友们 大家好，记得填写邀请码： 55878811不填写邀请码是没有手续费返还的。手续费不便宜呀，如果没有返还的话会影响本金的，所以新朋友们记得填写，在此感谢。币安一上线就使用，从来没有变过，不得不给一个5分，不仅是中国的顶级优秀应用，也是世界上数字货币交易所中的优秀交易所,good
2023-03-02 11:06:27,返佣码：37147732 爱填不填，填了后面交易手续费有返佣。,very_bad
2023-03-17 09:50:00,晕，总是打不开，也没法联系到客服,very_bad
2023-02-28 11:50:33,用了一年半，今天打不开app,very_bad
2021-05-09 12:38:56,币安是我们中国人创立的交易所，也是全球最大的交易所，用户量大而且深度是最好的，不像火币和ok经常卡顿，注册时填写邀请码39499474，减免50%每次交易的手续费，我自己也可以减10%，大家互惠互利，不填是没有的，每次交易的手续费都减少一半，时间长了能省下不少钱，感谢填写，祝大家早日发财！,very_good
2019-12-18 09:35:58,还不错，今年收益竟然翻了几番。大家推荐码不要空着，不写没有手续费返还。现货用户填推荐ID:38433401，合约用户填写:a88，可获得百分之十手续费返还。欢迎大家添加微信:PiCoins，大家相互交流。祝大家赚得盆满钵满！,very_bad
2021-10-11 16:52:43,更新了之后必须绑定谷歌验证器，我这个验证器弄不好账号就再也登不上。这是更安全了吗？你们要是跑路用什么验证器也没用！,very_bad
2022-08-08 08:13:07,最近几个版本连接好慢。必须杀死重进才能展示出行情信息。是不是你们socket的重连机制有问题,neutral
2022-10-06 01:44:13,天天更新，黑夜模式总有模块变白，交易页面k线图间歇性不显示仓位。所以到底更新了啥呢。,very_bad
2022-08-31 16:49:57,使用下来很方便，币种也算挺多的了。功能齐全，而且银行转账很快而且实惠，是我最喜欢的一点,very_good
2023-04-19 13:57:31,搞了几个小时都没有安装好。显示很快到你的设备上,very_bad
2022-12-16 10:57:54,最关键的是网络，更新无数遍，国内网络依然很差。这么差的体验怎么做交易?,neutral
2023-01-15 05:08:31,听说是最大交易所，下载学习试用,very_good
2021-09-03 06:17:10,应用不错，但是还是希望能添加一些涨跌幅周期，比如开盘计时有北京时间或者美国时间这些，现在的周期实在不方便,neutral
2023-01-02 05:11:16,建议添加账号切换功能。帮别人管理账号，每次需要退出重新登陆挺麻烦的。,very_good
2023-01-26 03:42:36,图表能不能专业一点？第一大连老版火币都比不了?你们制作k线图表的程序员都是什么水平?混饭吃的吗?能不能学一学TV学一学aicoin，稍微专业一点？还有为什么不能自己添加时间级别，交易员想看多少级别自己选不行吗？,bad
2019-10-05 18:35:48,挺好用的，就是没有提前提醒用户登录要收钱，每次我登录，都看到我的资产少了很多，登录费挺贵的,good
2022-09-01 08:04:36,希望增加最新上币板块区域或者提前通知，币安总是悄悄的上新币。 将盯盘功能从浮窗改到状态栏中周期性变换显示。,good
2023-01-31 12:02:11,以后打死都不用币安的BSC桥链提现转账，昨天在币安交易所用BSC链提现价值三千多美刀的APE代币居然被黑客劫持了，现在找也找不回来，找客服又把毛皮推给币安链那边，连怎么被劫持的都不知道，完全就不给个说法！！！,very_bad
2023-06-02 14:06:24,最新版资产直接显示btc，你们币安神经病啊，改成usdt 都改不了，合约里面资产只能显示usd 不做单的话这个数字不断的在变为什么改不成usdt 呢，版本更新是越做越方便而不是越做越差,very_bad
2021-12-27 12:36:46,垃圾app，注册都注册不了，谷歌验证码都收不到消息，身份验证都通过了，登入账号密码还提示错误，也不知道你们运营人员干什么吃的,very_bad
2023-04-27 15:58:13,体验式最好的,very_good
2022-04-15 03:54:04,开发者能不能适配一下三星这种折叠屏UI。。让大屏利用率变高。。现在就是手机版的界面一点也不好用,bad
2019-09-14 10:35:21,这个交易所真不错，一转眼用了好多年了，资产已经翻了近千倍，还算可以，虽然现在有些低迷，但只要拿的稳，还是有赚头。我的推荐ID:10075680 大家一起来赚钱，祝大家都发财，财气相聚，财缘广散！,very_bad
2023-01-09 05:50:52,指纹验证加载不出来，没有指纹又进不去APP,very_bad
2021-09-13 20:27:15,不能调整涨跌的时间周期。差评。其他平台都有，就币安没有。很影响思路和操作。,bad
2023-05-26 11:36:04,币安的新朋友，别忘记填写邀请码:58298865，您会获得最高额40％的提现手续费折扣，还有25%的额外抵扣。不填邀请码是没有这些福利的，非常划算！预祝您在币安一路发发发！！！,very_bad
2023-05-26 16:45:16,使用邀请码：36215050可以帮你节省全网最高的50%佣金服务费，请使用该邀请码注册。恭喜发财，,very_good
2023-04-18 13:17:26,幣安很好用,very_good
2022-06-28 16:37:42,更新太频繁了，稳一点，网络没有那么方便，不要经常的更新。,bad
2023-05-31 16:32:57,CPA_00S0VRK4KM 用我的这个邀请码注册可获得100u奖励哦！,very_good
2023-01-12 14:26:34,更新之后闪退怎么办,very_bad
2022-11-20 10:03:09,希望账户资产划转方便一点，直接就可以划转到当前所需要的币种或者状态，不要搞得太麻烦,good
2021-07-19 14:26:40,手续费高，我也无所谓了，好赌，充值的钱用不了，找客服一小时了，没人理。,very_good
2021-04-11 01:30:13,其他的虚拟货币软件，星火，火币等都不用实名，就这个需要实名而且还要人脸识别，这还是去中心化和私密性的吗？完全就是大陆的那套数字货币！差评！宁愿不用这个。卸了,very_bad
2022-11-23 07:23:29,无法验证身份，一直卡在上传中。。。 不是网络的问题，弄3个小时了。。,very_bad
2022-10-29 08:57:50,更新后合约界面打开就会反复自动弹出筛选界面4-6次，很烦人，影响交易。,neutral
2021-02-28 13:23:18,app中卡券中心打开后竟然是网页登录，而且不能登录，就这样的东西，如何让别人相信交易所做的好,very_bad
2018-11-08 16:06:47,"推荐ID：35980495 一起赚钱。app做的还是很用心的操作很舒服,界面动画也不错很流畅，其他功能还在体验",good
2022-07-14 02:39:21,实名认证不了 照片传了以后 跳了数字 比如6-7-9 然后就黑屏了 注册了好几天 还是这样 希望能帮我解决下 谢谢,very_bad
2022-05-20 18:01:33,没见过这么垃圾的软件界面，从注册到操作，屏幕大小兼容都做不好,very_bad
2021-10-24 15:17:41,最近发现一个好的去中心化出金平台，而且有担保，DOTC.pro，各位可以去试试。就是U商少了点，其他体验还不错。,neutral
2021-10-04 11:01:14,体验极差 登录失败 密码找回，邮箱和短信都收不到要验证码，等了一天等不到验证码，服,very_bad
2021-07-06 08:10:01,个人资料已经被卖了，天天接到诈骗推销等电话。不清楚是币安卖的，还是欧易卖的。大家小心点。电话，身份证，人脸+身份证照片。拿到这些资料想违法犯罪太简单了。,very_bad
2022-10-08 01:37:18,我就搞不懂这k线加载不出来bug一直都在，不能重试一下的吗，很烦的，刷新来刷新去的，币安上线以来一直都存在着问题,very_bad
2022-02-18 15:16:05,你们能不能不要这么狡猾，这么大交易所，登录帐号和没有登录帐号手机同网络，登录帐号手机价格老是刷不出来，一退出就可以了,very_bad
2022-08-10 12:16:43,流畅、简洁，工具到位，就是大陆的用户，网络有点连接不上,very_good
2022-10-01 14:39:10,最近天天更新，上午才更完，下午就出新版本，而且好像APP越来越难用，怀疑是不是要倒了，换实习生开发了,good
2022-11-16 15:47:21,选择国家的下拉框都打不开，整个软件也是各种卡，写app的人都拉去开除吧！,very_bad
2022-05-30 13:22:54,今天不知道为什么总网络错误，应该不是拔网线，没有波动大的行情。,very_bad
2021-12-05 15:46:32,上不了线！提示无权访问！连官网都进不了！怎么回事？,very_bad
2021-10-31 01:58:29,哎 你们这是怎么搞的 现货列表里明明置顶了，结果 再次打开APP看的时候就又还原了。。,very_bad
2021-06-15 15:07:03,骗子软件，更换手机后所有的资产消失。经过认证的个人信息全部消失。😡😡😡😡😡😡😡😡😡😡😡😡😡😡😡😡,very_bad
2022-06-01 10:35:48,用支付宝交易没有成功，因为我在境外，对方账户不支持境外收款,very_bad
2021-06-05 11:58:44,如果投资100美金，钱拿不出来，如果有谁要玩小数目的，最好不要玩，因为钱拿不出来的,very_bad
2022-05-11 03:34:22,傲慢的客服，垃圾的体验，充值还经常被吞币，申请找回还要手续费，想钱想疯了吧,very_bad
2022-08-25 08:25:22,中国大陆手机号码，无法重置密码，显示系统正忙，请稍候再试,very_bad
2022-05-13 07:13:55,那个消息提醒的铃铛显示的未读消息个数一直清不掉,very_bad
2022-12-16 08:22:25,带单页面无法登录账号，一直加载中，里面还放了钱，现在也看不见，怎么弄,very_bad
2021-05-10 10:20:19,"新人加入币安的朋友们大家好，邀请码:#FW4KFYNU#填写币安邀请码:FW4KFYNU还能有40%提现手续费折扣，数字货币交易频繁能省下一大笔钱，不填邀请码是没有手续费返还的,手续费不便宜，如果没有返还的话，会影响本金， 请记得填写哦。币安这个平台我一直在使用，很快速，稳定，安全。不得不给个5星好评，现在币安交易平台已经是龙头老大，甚至全球也是数一数二，是我们中国的骄傲，大家加油。新加入的小伙伴冲鸭，拥抱区块链，拥抱数字资产。",good
2021-06-03 08:06:21,问是否更新 但不更新就用不了 更新了之后主图消失 看不到m线！,very_bad
2022-09-19 02:26:13,3x3 那个 Widget 边距跟其它应用不一样，没办法对齐。,bad
2019-11-04 23:55:16,大家推荐ID不要空着，不写没有手续费返还。 填28510331，获得一部分手续费返还。 祝愿大家都能够获得不菲的收益。,very_bad
2019-11-12 13:06:00,人脸识别失败，试了几十次，甚至不如国内银行准确。没有那技术就别做人脸识别了，丢人，再见。还有两步谷歌验证器叫Google Authenticat*or*。,very_bad
2021-10-21 10:30:58,添加谷歌验证器是防止断网，境内手机收不到短信。你账户不就死了。这都理解不了？,very_bad
2022-10-29 04:37:38,新设备登录，邮箱+身份验证器+短信，验证时间不够用,good
2021-11-15 14:28:51,无法通过验证，卡在“获取签名数据……”这一部，一直等都没有结果。,very_bad
2021-09-18 09:31:52,服务器无法承受崩盘时的交易量，或者故意断网？实在令人失望。,very_bad
2019-10-10 23:21:19,使用效果还不错，但是手续费比较高，使用注册码可以减免37802174,neutral
2021-05-19 16:13:14,作为平台非常牛逼，但是作为交易所，实际上对买卖的均价，成本线之类的都没有表现，有一点适应的成本,neutral
2021-03-17 10:00:53,現在港澳臺用戶都可以在幣安免費開戶，使用邀請碼：10078902 高達40%的手續費永久返佣哦！請務必記得填寫~,very_bad
2021-05-14 15:58:37,今天更新了，很不習慣，是簡潔了很多，但Earn不見了，覺得麻煩,neutral
2021-04-25 08:04:51,更新很不顺利，一直更新不了，交易所资产显示也无法更新 :(,bad
2022-09-13 03:14:40,体验极其辣鸡，操作非常不方便，目的就是让你不能及时操作，亏钱,bad
2021-09-15 11:47:30,现货交易，收了我2%以上的交易手续费？我没有买bnb，直接用busd交易的。说什么手续费低？暗地里狠狠扣钱。,very_bad
2020-02-03 06:27:56,一定要填推荐人id，39216054。返佣比例最少20%，最高40%，交易平台就可以少收你交易费用。不填没有返佣!,very_bad
2022-11-24 12:21:01,🇨🇳中国大陆，经常连接不上，求解决,neutral
2022-11-09 02:41:46,交易速度快，頁面設計簡約，安全靠譜,very_good
2019-09-19 08:59:05,这是全球最为知名的数字货币交易所之一，非常好用，推荐给大家。这个交易所注册时必须填写邀请码，有需要的朋友可以填写我的邀请码：37680482,very_good
2022-11-04 03:14:14,"我下载币安为什么不能通过，还叫我评论什么为什么不能通过.，是按要求下载的.，就是通不过.,不知:是何.原.因请你查一下.，通过都填]写了两遍.？",very_bad
2023-03-29 22:52:31,币安新伙伴欢迎，推荐ID：LVBKBJSQ 如果你填写这个ID会有合约佣金百分之40折扣还有推荐双方各得100U交易,very_good
2023-04-11 14:51:21,我的怎么会闪退,very_bad
2022-04-11 06:38:23,无法找回密码，一直系统正忙。半个月了都没法找回,very_bad
2021-08-25 05:08:37,强制退出账号，不更新不让用。,very_bad
2023-05-17 20:04:46,最高额度返现邀请码：T9WB4BF1,very_bad
2023-05-24 05:14:03,填写邀请码， CPA_0073XW5625。获得手续费返利,very_bad
2022-06-03 14:27:15,能不能优化一下大陆的链接网速。搞个CDN加速啊。大陆太卡了。,very_bad
2022-07-22 05:20:32,为什么老是价格加载不出来，我在国外的，还是用wifi，赚了这么多钱也要把你们网络搞好点吧,very_bad
2022-11-19 02:29:44,操作太繁琐，还是欧易简单又好操作,good
2023-01-04 11:13:22,每次更新都要反复好几次，网络一直不好,bad
2022-05-05 09:32:15,身份认证失败，什么情况，认证了十多次了，也是醉了,very_bad
2022-08-01 02:49:58,为什么刷新率这么低？卡的很，120hz的屏幕,bad
2021-12-10 08:31:36,无法重置密码，一直系统繁忙。,very_bad
2023-03-17 10:54:32,经常在登陆过期时转圈,bad
2023-05-09 19:26:03,人海忙忙十万里，谁会真诚善待您！ 真诚邀请您填写邀请码：BP7WQLRB ， 全网最高返佣比例！ 现货合约永久返佣。。现货返佣20％ 持BNB再减25%累计节省45%手续费，希望这个邀请码给您带来好运吉祥🙏日进斗金，并减免一大笔交易手续费！！！,very_bad
2023-04-05 04:06:45,手续费太高了,neutral
2021-06-13 10:39:16,界面搞的不错，两种模式~,bad
2022-07-20 11:11:58,什么时候可以新增arbitrum的充值网络，不然对于L2用户太不友好了,neutral
2023-01-16 02:38:03,无法注册安装,neutral
2023-01-23 06:02:26,现在为数不多稳定的交易所，保持业务稳定，其他交易所都在搞小动作骗用户，就是c2c冻结24小时太久了，能缩短到12小时吗？,bad
2023-03-15 15:40:37,手贱点了禁用账户，要手持身份证录像才能解除,very_bad
2023-02-15 11:52:58,推荐人请填写85997917，可以返佣20%.,very_bad
2023-02-25 16:44:46,非常棒的软件,bad
2023-03-08 00:23:33,经常上不去,bad
2023-01-14 17:05:19,欢迎新年加入币安的朋友大家好注册时使用我的邀請码:74205895，中国大陆地区挂vpN邮箱注册，高返利手续费。期待你注册邀请码:74205895,very_good
2021-04-01 21:49:58,在各大交易平台之間呢~幣安狗吃人不吐骨頭這點太厲害了~在幣安玩合約的大多數去送死^^一我試探三間交易所平台同一個時間同一個幣種交易來驗證是否狗裝操作行情~兩間平台面盤都是一致的~在幣安交易數字波動完全沒跟著時事行情~還是給個贊👍香港狗賺錢有一手贊👍第2天就有新聞報導最著名的幣安爆倉數量全球第1~,very_bad
2021-12-05 16:12:16,不知道为什么总会提示，网络不稳定。,bad
2023-04-18 15:40:14,不错的应用，宇宙第一,very_bad
2021-06-09 05:35:26,是很好了 希望可以推出一个功能 可以看到购买一个币的平均价格 谢谢 加油,very_good
2023-01-19 00:07:27,Ios版本就不能对ipad适配吗，赵老板那么有钱了，dog,very_bad
2019-10-28 09:18:37,新老朋友们：您们好！我的币安推荐码是38218866优惠多多，返利多多，祝大家从这启航发大财。,very_good
2021-12-05 02:41:02,什么垃圾软件，根本就不能用，进都进不去,very_bad
2021-05-14 07:43:53,邀请码填:II3SPTLE，可免一大笔手续费我也可免手续费，大家互惠互利，不填拿不到优惠，平台手续费抽成高，感谢填写!祝您发大财!,very_good
2021-06-24 07:11:55,google paly 没有提示更新 app提示更新不更新打不开是什么情况?,very_bad
2023-04-17 12:35:37,为啥安卓的下载会自动唤起应用市场了,good
2022-07-22 00:59:41,什么烂东西。网络都能出状况。自己的钱都看不到,very_bad
2021-08-04 02:28:52,包含交易内容广，并且运行稳定流畅。,good
2022-07-15 14:37:34,更新太频繁，希望能内置vpn，省得下载一大堆vpn就为了更新币安,very_good
2023-01-13 06:41:15,经登入不上账号，香港IP也不行。,very_bad
2023-03-03 06:20:15,"安卓用户,登录时候报: 请使用iOS16以上设备, 完全用不了啊",very_bad
2023-01-09 01:40:19,为啥我下载了还收到一个币安虚假app的提示，要我卸载重新安装,very_bad
2022-12-30 02:03:20,交易方便，值得追随拥有！,very_good
2021-03-15 05:05:30,全球最大加密货币平台，可以放心使用，资金安全。 用我的推荐ID：68391374开户 保证让你省掉40％手续费，这一点很重要！,very_good
2023-01-08 04:11:52,直接就是个垃圾，一直进不去。是不是完犊子了啊？,very_bad
2022-11-24 17:39:01,实用、可靠、简捷！,very_good
2022-11-01 09:51:57,挺好，少插针和拔网线就好,good
2021-05-23 03:16:20,用过最好的交易所了，新人可以填写我的邀请码:TCZTA45S 可以减免手续费,very_good
2022-06-14 14:07:22,2022/6，无法注册，显示不支持当前操作,very_bad
2023-03-08 02:10:03,这个版本闪退,very_bad
2023-01-30 00:48:17,好，非常好,very_good
2021-07-17 19:09:36,这个软件还不错，做现货，合约 都很容易赚，内部邀请码35866335,very_good
2022-04-26 05:37:50,很好的软件…请把悬浮行情加入通知栏,very_good
2023-05-31 13:44:41,卡在68%无法下载,very_bad
2021-11-08 08:54:14,连接稳定，不像那个垃圾oe,good
2022-11-17 10:25:10,下载币安填写邀请码11078281，不仅可以永久6折手续费，我还转赠你10个USDT。,very_bad
2023-01-12 06:27:44,经常登录不了,very_bad
2023-01-04 12:18:49,还可以用,good
2023-06-01 00:52:36,愕安慰安慰安慰安慰,very_good
2019-07-02 12:32:12,经常掉线，还经常被盗币,very_bad
2021-12-01 01:36:05,功能齐全，平台强大,very_good
2022-05-30 21:44:04,从露娜这件事来看，币安为用户争取了利益，别的平台我也有币，但没有分到任何新露娜，币安却分到了！！,neutral
2021-06-07 06:38:35,UI不好，操作不方便,bad
2023-05-12 11:40:29,为什么打开app的时候会提示有恶意代码？,very_bad
2021-02-16 17:25:33,新加入市安的朋友们大家好，记得填写邀请码：67674455。填写邀请码才有返利，最高40%返利。数字货币交易频繁能节省一大笔钱;不填写邀请码是没有手续费返还的,very_bad
2021-12-01 03:13:12,Mobox 目前在开展预注册和空投盲盒(BOX)活动 领取(参与抽奖)方法： 1、打开最新版币安APP，首页 2、滑动屏幕下拉（方法与微信调小程序一样） 3、找到“MOBOX Games” 4、进入游戏小程序 5、参与抽取盲盒的活动 输入官方邀请ID可以获得一张SSR奖券，目前市值10W刀。 填我的ID： 9371441,neutral
2019-10-08 20:32:41,目前国内国内用的最多的了吧，就是有手续费，填写邀请码37802174可减免手续费,very_good
2020-01-10 11:03:30,很多界面无法手动刷新,bad
2022-11-19 01:25:46,出金很不方便，只能用印度菲律宾和香港卡直接出金,bad
2021-04-21 10:48:51,店大開始欺客了嗎？現在倒好反饋問題，客服都取消了，投訴無門！問題不解決，能撐多久？,very_bad
2022-09-26 03:39:47,很好用，就是没有安卓平板版本。,good
2022-07-14 15:35:22,都已经退出大陆了，能不能别对大陆用户这么多限制了,very_bad
2019-09-18 10:14:10,使用起来还可以，有些细节需要注意。用的好就填这个邀请码37685466,good
2022-12-01 05:24:47,开单种类多，容易卡,good
2022-05-21 14:03:58,倒计时bug 有时不显示,very_bad
2019-02-06 06:27:29,简单 全面 方便,good
2022-01-01 23:08:47,"Mobox 目前在开展预注册和空投盲盒(BOX)活动 领 取(参与抽奖)方法:1、打开最新版币安APP,首 页2、滑动屏幕下拉(方法与微信调小程序一样) 3、找到“MOBOX Games” 4、进入游戏小程序 5、 参与抽取盲盒的活动 输入官方邀请ID可以获得一张 SSR奖券,目前市值10W刀。 填我的ID: 67386283",neutral
2022-02-22 21:11:54,以前还能注册，现在连注册都不行，早点倒闭好了,neutral
2021-12-08 17:09:03,币安是众多交易所APP之中最好用的一款。,very_good
2022-10-24 21:01:31,安装时手机提示软件中含有恶意代码，提示卸载。难道这不是币安原版app吗？,very_bad
2021-05-14 09:44:41,不错，只是用费太高了！,bad
2021-06-08 04:03:22,好好的突然显示密码错误卧槽 还自动给我换区号,very_good
2021-06-07 05:50:24,希望可以添加子账号管理，方便点,very_good
2021-06-03 16:29:05,不错 要尽量减少强制更新,bad
2021-01-02 23:21:27,这个软件太烂了。为什么不能在美国注册。,very_bad
2022-05-22 09:47:02,币安是全球顶级的加密货币交易平台，5年老用户推荐，请填写邀请码:10036213，返还20%交易手续费，注册时请使用非美国新加坡IP，注册完成后可使用国内网络流畅认证及交易。,very_good
2022-05-09 14:44:47,不错的软件，是官方的,very_bad
2022-05-30 12:18:31,时不时连接不上,bad
2021-11-18 22:21:50,垃圾软件充钱可以用maestro卡 提钱只能visa。,very_bad
2021-05-17 08:46:22,LUDTMJYF 现在波动很大，如果你想入坑赚钱亏损55开，把握好大趋势还是可以的。邀请码各自最多只有10-10%的返现。不要信什么20-40。一般人拿不到的，都是给大佬用，因为他们资金多返利可观。最后祝大家发财！,very_bad
2022-05-27 10:37:48,怎么登陆不了呀！网络异常请稍后重试,very_bad
2021-05-14 11:19:11,最好添加收藏 购物车功能，涨跌风险预警,very_good
2022-04-29 05:34:28,最好的交易所，最佳的体验,very_good
2022-06-04 03:40:56,最近经常连不上，准备转移阵地,neutral
2021-10-14 17:47:20,17年后大陆根本不让平台运营，更遑论发牌监管了，为何要在C2C里取消CNY？难道你币安在大陆还有对公账户？还有固定资产？实在是莫名其妙。。。,very_bad
2021-09-15 08:35:29,越来越垃圾 充值也充值不了,very_bad
2021-08-27 13:05:17,希望加入成本价功能，显示当前币种成本价昰多少，要不然都不知道成本昰多少,neutral
2022-06-04 10:44:43,界面整洁，好用,very_good
2021-11-30 17:00:50,还信，就是热更新不了,bad
2021-04-27 08:18:49,有时候会闪退，但是挺好的,good
2022-02-10 00:48:12,小程序打不开 无法登陆,very_bad
2022-03-24 19:13:52,我想问为什么app store iOS 版本的没有？这样我们安卓换去ios的话账号该怎么办？难道一直要用网页登入吗？,very_bad
2021-09-05 23:33:26,我的钱被盗了，客服只能抱歉，没有能力保护客户的资金安全，还怎么让人相信。,very_bad
2022-04-04 10:30:16,手机号不用忘记了，想改手机号都该不了，想重新注册也注册不了，希望能解决,very_bad
2022-11-04 06:46:40,希望增加周涨幅和月涨幅。,good
2020-11-05 06:15:48,很好 收益率也可以,very_good
2021-05-12 09:05:11,欢迎新人，邀请码 M3RUB6WR，填写了可返佣，各赚10% 不填就得不到，互赢互利，每次都会为你省钱，其中我也会省钱，最高省40%,very_good
2022-05-18 00:46:59,luna无限增发印币套现，币安熟视无睹，造成用户损失，警惕无信誉无风控的平台！,very_bad
2019-07-05 15:53:43,很好用，祝财源广进，我的推荐码37188621,very_good
2022-02-12 08:42:16,认证不了啊，每次拍照都说网络不行,very_bad
2021-04-25 00:44:02,为什么没有设置 （止损跟止盈）？？？,very_bad
2021-05-09 01:30:39,欢迎新人，邀请码 RR4X0FSX，填写了可返佣，不填就得不到，互赢互利，每次都会为你省钱，其中我也会省钱，最高省40%,very_good
2021-09-15 16:14:37,无良交易所，故意插针不说，周期还故意弄成24小时轮动的，往往涨幅和跌幅都是各种放大，设计的人脑子有泡，自定义周期不行嘛？qtmd,bad
2021-07-09 11:33:22,充了10万，玩了一个月赚了2万，本钱没有了,very_bad
2021-06-08 06:55:20,現貨功能必須加強，因為我一買就跌，一賣就起。,bad
2021-10-17 10:59:03,推荐码: CXEVEIKI 填写推荐码可以免百分之二十的交易佣金。在日华人表示很好用，可以日元入金，我基本持有现货,very_good
2022-05-18 10:12:40,下载不了，更新不了,very_bad
2021-11-07 15:15:10,绑定验证一直不成功,very_bad
2022-04-30 08:02:25,用习惯了 很不错 暂时还没发现啥问题,bad
2021-06-07 09:45:57,强制更新，问是否更新没有取消按钮,good
2021-06-22 16:02:00,总体还是不错的，后悔当初注册没填邀请码，官方邀请码41133783，后续手续费省40%,very_bad
2021-05-05 09:33:59,在海外的就别想投资了 太不人性化了 例如你在马来西亚就需要马来西亚的护照 如果是外国人就不行,very_bad
2021-05-16 07:24:22,新加入币安的朋友，注册邀请码填写71607194手续费折扣减免50%是不是很划算呢！互惠互利，合作共赢！谢谢大家,very_good
2022-06-30 01:31:53,币安新伙伴 欢迎，推荐ID:68602943 如果你填写这个ID 会有合约佣金百分之30折扣 还有推荐双方各得100U交易手续费 因为我是7级会员,very_good
2022-03-28 13:10:48,垃圾，重置密码一直错误,very_bad
2022-05-31 15:17:46,越来越不好用，各种砸盘现象,bad
2021-06-05 10:41:44,.辣鸡币安，必须先更新才能使用！！！！害我没法平仓,very_bad
2021-04-17 07:38:44,推荐码:UWPYDS8Q，请大家使用，10%手续费减免。,very_good
2021-05-11 07:04:12,垃圾平台，垃圾客服，一点都不懂如何服务人，询问一些东西几百年不回复，脸识别认证又不会动，够烂,very_bad
2023-03-10 15:49:18,为什么下载安装后手机提示恶意软件?,very_bad
2021-11-24 14:59:28,很不要脸的运营,bad
2022-03-07 07:56:03,全球第一交易所，谁用谁知道 《币安合作经理人渠道，返30%》 《注册邀请码填写：10029001 》 《返还30%币币、合约手续费》 《邀请码: 10029001 》 《注册教程》 在网页端打开币安官网进行注册 1 首先需要跳到国外的IP(先打开VPN，定位到港台） 2 注册时候已经不能用内地手机注册，就直接换成邮箱注册（可用谷歌邮箱或者outlook 邮箱注册） 注册谷歌邮箱和outlook邮箱时是可以用内地手机号码注册的 3 绑定手机号的时候选择页面，是选不到中国的，需要在搜索框手动输入“中国”，就能绑定中国手机号了（此处不用关闭VPN） 4 只要绑定了手机号以后，实名认证直接可以用内地身份认证了 《特别注意》： 在网页端打开币安官网进行注册 1 注册开始之前就必须打开VPN，将IP设在内地以外地区 2 用国外邮箱注册 3 绑定手机号时，手动输入“中国” 4 实名认证时候别关闭VPN 币安合作经理人渠道，注册邀请码填写：10029001 返还30%币币、合约手续费，邀请码: 10029001,very_bad
2021-11-03 14:20:27,很好用，功能丰富,very_good
2021-01-19 01:56:55,很好用，比火币强太多,very_good
2023-02-26 17:10:20,开发者你好，不知道为啥，你们的app被腾讯手机管家识别为病毒,very_bad
2021-03-23 07:48:37,一直闪退是怎么回事？,very_bad
2019-08-23 16:07:50,挺好用，就是没有法币交易,good
2021-05-16 07:55:43,好用 操作方便 可以用我的推荐码 84151596,very_good
2023-01-18 08:26:17,还可以吧,very_good
2021-05-08 17:37:30,首页的涨幅排行榜能不能跟着设置红涨绿跌变换颜色啊,very_bad
2022-12-20 05:46:29,不错不用vpn也可以交易。 邀请码 10705293 邀请返券码 CPA_000B94Z03F 填写邀请码，每人获得100USDT的交易交易费用返现,very_bad
2022-07-23 04:12:28,欢迎币安新伙伴，注册邀请码：13837288。返还交易佣金40%。注册时记得填写。现在很多交易所跑路，币安作为龙头交易所，安全有保障。,very_good
2022-03-02 13:28:50,我的账号，安全与否我自己承担，为什么要搞那么复杂让我登陆不了,very_bad
2021-05-09 09:56:53,"凡是全数字的邀请码id,都是抽成很高的，不妨使用我这个，OG1ZWHRM，我们各10%.",bad
2019-10-09 08:43:37,使用流畅很多，点个赞,very_good
2021-04-19 08:00:10,桌面小部件不支持单独调整货币单位,very_bad
2023-01-04 03:43:23,在Google Play搜索：uTrading，下载币安量化交易机器人，邀请码填写 BTCBTC，有福利。,very_good
2021-05-09 01:40:59,邀请ID填JXIW5A40，有10%的返利，还有手续费43%的折扣，不是每个邀请码都这么福利哟。,very_bad
2022-05-02 19:57:08,为啥下载下来手机里没有APP？ 安卓手机，求大神教教,very_bad
2019-04-17 14:59:13,我用过的最好的交易app，没有之一。,very_good
2021-05-21 15:41:07,垃圾，随心所欲不让提币，schermo！,very_bad
2021-03-11 16:08:32,很好用的数字货币平台,very_good
2021-11-12 13:10:22,更新太频繁了,very_good
2019-12-03 15:25:59,实名认证真的垃圾，就是不通过，识别不出来,very_bad
2023-04-10 07:07:35,币安返还40%手续邀请码，HND0KJ6Z,very_bad
2020-02-11 00:45:03,最近的版本手机发热严重,bad
2021-04-24 18:17:19,用手机登入根本收不到验证码,very_bad
2022-12-09 07:56:22,挺好，就是亏钱快多了,very_good
2021-07-04 07:29:11,手续费很好需要地手续费的加我line我的line是LLHYHDHDJ,good
2021-05-18 04:55:22,支持太多烂币 导致好币没人敢买入,very_bad
2021-08-30 08:07:00,收到垃圾信息让我转到国外地址，结果资金被盗。要不是内部出售资料给诈骗者，又如何知道我在币安平台交易,very_bad
2020-02-26 14:36:02,这次更新了新功能，好使用。,very_good
2023-05-16 13:16:23,这次新版app更新到macd零轴都更没了？？？,very_bad
2023-04-05 11:21:21,非常好更新挺快,very_good
2023-04-10 08:15:52,合约现在真tm卡都加载不出来,very_bad
2021-10-29 14:22:56,接到自称币安网络中心的人香港电话，并准确说出来最后登录时间。 这是币安的信息泄露了啊，恶心人了。如果还有内部的有点良心能看到，就向高层反馈下吧，感觉像是准备离职的临走捞一波。 最后祈祷我的个人信息别被拿去做太麻烦的事情,very_bad
2022-05-14 13:01:10,太过频繁的更新👽,very_good
2021-04-20 05:05:34,骗局项目很多。割韭菜的山寨币太多,very_bad
2021-05-14 08:52:28,币安内部邀请码:12088991，永久免手续费。 新户合约赠送888u体验金。,very_bad
2021-05-14 13:29:35,好用，喜欢，靠谱,very_good
2022-07-28 13:30:10,不错 爆仓很顺畅,bad
2021-03-13 13:39:21,新加入的如果要申请，推荐人可以用这个ID82962269 可以50％返佣哦,very_bad
2021-05-29 02:51:28,太好了，选择全球最大的是众多人的选择,very_good
2022-11-26 14:39:19,2017年7月到现在，一直在币安，因为相信CZ和一姐，我也创立了TwitterDAO，之前先做社区，注册了很多域名，其中BinanceCZ一直在收藏，币安，加油,very_bad
2022-07-22 10:07:05,还行，上手有教程,very_bad
2021-04-16 00:24:23,怎么聊天内容不能复制？卖家发来的银行卡信息只能手打,very_bad
2022-11-11 00:53:52,安装不了，什么垃圾玩意二,very_bad
2022-05-08 07:54:42,非常棒的平台,neutral
2023-03-18 04:02:27,加拿大不能注册？,very_bad
2023-02-03 14:07:18,大平台，更值得信赖。,very_good
2023-02-17 01:03:26,什么b玩意，新版本白屏转半天,very_bad
2021-05-14 16:08:12,帮助，说明太少，一般人根本不知道如何操作,neutral
2022-05-10 12:08:03,很好，就是钱没得太快,very_good
2021-07-07 03:27:08,推荐码PM9A8Z59，填推荐码返利,very_bad
2021-04-20 06:58:08,很好的平台！,very_good
2021-04-15 02:56:07,一定要填推荐人ID295574，填了以后他可以返40%的佣金，就是让你少付手续费用。最后祝您牛年大吉，发大财。,very_bad
2022-04-02 09:25:06,这是最好的交易平台，邀请码为：20822331请多多支持,very_good
2021-05-10 04:53:29,大家不要用别人给的邀请码注册 因为你每交易一笔他们都可以挣钱,very_bad
2021-08-17 09:15:28,我想请问下为什么会自动退出的呢？？？？,very_bad
2020-11-17 15:11:51,以前不用翻墙的！！！,very_bad
2021-05-26 10:44:28,比特币大幅回撤，此刻建合的好机会，低价买入存起来，难得的地位筹码，未加入的新朋友赶紧加入吧，邀请码：EQBHG913 填写币安邀请码：EQBHG913 还能有20-40％手续费折扣，提现超低手续费，大额购币还能瓜分现金奖金幽！市安作为全球第一大交易所，活动力度大！祝哥儿们都赚钱 ，币安加油。,very_bad
2019-05-18 04:40:42,很好用 注册推荐码：28098561,very_good
2023-03-11 05:52:15,这地区限制能改简便点吗。,bad
2019-08-18 08:34:35,发展神速，精益求精,very_good
2021-11-10 05:44:01,币安已经注册的中国玩家，还可以正常提现购币吗,very_bad
2022-09-07 17:58:13,《60彩娱乐》诚邀您的入驻 双赢彩票 棋牌 AG 体育 我们的优势:平台成立较久，彩票类游戏无风控不审核，开奖皆统一，不限ip全球玩，提现10分钟内到账，全网无黑可查。 1️⃣168统一开奖 不限IP 2️⃣虚拟币存提款8年信誉 出款无忧 注册体验 ： 168168a.vip,very_good
2022-05-02 08:27:16,支持！提款机！,very_good
2020-03-31 16:11:01,超级返佣20％，35289853是邀请码，eos-abulong是微信，可直接添加,very_good
2021-05-02 15:15:14,暂时好用 在亚洲要是想第一必须提币限额低 发送币制止低 稳坐亚洲第一交易所 不用宣传好的自然用户转移交易所！交易 提币制止比一些要低 发送限制比一些要低 客户大小通吃 游戏客户小币客户 挖矿客户 人多就是力量 买卖客户 大客户 app有远见 70%⭐,very_bad
2023-06-04 03:17:38,中国不能使用币安吗？,very_bad
2021-05-16 07:22:39,币安很好用，注册时邀请码，填写92246079，你我都获益,very_good
2023-04-04 16:03:51,优秀的企业,very_good
2022-02-16 19:57:55,不能交易，垃圾平台,very_bad
2021-05-21 03:43:12,清爽易用的APP 我的邀请码是 FLKTORBU，祝新人玩的开心,very_good
2021-05-29 09:14:51,最小交易限制10美金。提现手续费又高,bad
2021-06-28 11:24:51,目前是遇到最好的平台。,very_good
2022-08-23 09:53:54,换个手机就下载不了了,very_bad
2022-10-27 12:02:11,操作起来反应真慢!,neutral
2022-04-24 03:13:55,很好用，就是没赚过钱,very_good
2021-06-04 15:51:08,很不错 比火币和okex强多了,bad
2019-08-25 02:34:45,币安非常好的交易平台 交易体验好，资金安全，深度好，填写邀请码双方获得返佣高，邀请码: 35891127,very_good
2022-09-01 07:42:49,好久登录不上了,very_good
2022-06-23 05:56:57,非常好的一款软件，让我成为了1u战神,very_good
2020-01-08 15:29:07,很棒，币安ok火币三大平台,neutral
2021-05-14 13:27:24,新注册的用户在注册时如果没有邀请码可以输入46041118,very_good
2021-05-19 12:07:39,推荐码：YM7J7OH6 能免你20%手续费 互惠互利,very_good
2021-08-13 05:44:27,天天能接到冒充币安客服的诈骗电话，个人信息被透露了,very_good
2022-01-16 06:57:57,只要不和中国政府有勾结，那就是一个好的交易所！！！,very_good
2022-06-22 19:18:55,为什么会提示有恶意代码。是我下载方式不对吗,very_bad
2022-03-21 02:33:18,币安邀请码GI25MEJV：即享币安终身20%返现&30USDT新人礼 交易享20%绑定，每笔交易回馈24小时内会以返现的方式回馈给你的账户 使用BNB折手续费折扣，可再优惠25%，0.8*0.75=40%的折扣！ 记得注册时确认页面有显示优惠码以及「您享受的返现比例：20%」 现在注册有30USDT新人礼（此为限时活动，请点选底部图片/网页查看） 不定期币安盲盒空投（每月约1-2次，目前已送出超过百份. 认准唯一邀请码GI25MEJV,very_bad
2021-05-09 11:01:10,比火币强多了，垃圾火币天天拔网线,very_bad
2021-11-30 11:47:33,人海忙忙十万里，能看见这个邀请码不容易。邀请码CS8XBG23（全网最高返用比例！）希望给您带来好运吉祥A！祝大家一起像钱看，一起赚大钱。,very_good
2021-05-23 00:07:31,我在和bitcoinwin交易完成之后，提现要让我交百分之三十个人所得税，等我交了又说要交代充质押金，请问是不是骗局,very_bad
2018-12-17 04:47:54,36131535 最新邀请码 超级返利推荐 注册时填一下 都有大福利 谢谢,very_good
2022-08-07 09:37:00,19，18年币圈老人邀请码13837288，VIP10最高级返手续费等级，你自己返40%，欢迎各位注册，牛回速归!,very_good
2022-05-11 14:07:33,欢迎新加入币安的兄弟们 真正返佣40%的码在此 89535465 白捡的便宜还不要吗？,very_good
2022-05-06 05:15:36,平台非常好,very_good
2022-06-17 15:57:28,非常棒的用户体验,neutral
2021-12-27 03:29:17,使用感觉很好！,very_good
2021-04-23 20:12:00,我第一次玩 请问马来西亚 这样把币 转换成现金? 比如 这样把里面的币 卖了 然后把钱 进回银行户口???,very_bad
2022-12-09 15:54:41,可以，很强势,neutral
2019-11-14 17:25:34,很好的虚拟货币交易平台，使用推荐ID：38073300注册还可以减免佣金,very_good
2022-09-12 15:58:53,定投没有止盈功能，开发者是没有财经知识吗？,very_bad
2021-08-01 06:39:21,有没有人知道如何提现吗？ 我写的地址一直都不让通过,very_bad
2022-11-03 12:45:46,这个交易所安全可靠，值得,very_good
2021-06-07 17:22:02,强制升级可太恶心了,very_good
2021-09-15 12:21:19,我刚下载，还不知道怎么把狗狗币转来变现。请指导,very_bad
2021-05-27 02:09:16,注册时填写邀请码36409300，可以获得40%的手续费减免，赶紧试试吧！！,very_bad
2021-09-10 17:06:17,涨幅希望可以设置成 香港时间 0点开始,very_bad
2021-06-17 02:41:15,不更新不让用,very_bad
2022-05-29 09:11:31,很安全，很好？,very_good
2021-03-09 10:00:33,这个推荐码亲测有效--DNUZ3YGX,very_good
2021-05-14 17:24:49,所有k线，半夜以后都一样。大家等着被收割啊，大家好运,very_bad
2021-07-19 11:51:27,卖资料？不知道是币商还是平台卖的，诈骗电话天天打,very_bad
2022-05-21 08:57:43,用起来还不错！,good
2021-06-14 02:30:44,软件内自带更新,good
2022-07-23 14:27:11,还平台不错,very_bad
2020-12-14 05:09:35,特别赞，使用体验挺好的,very_good
2022-04-04 20:23:02,体验很差一堆bug,bad
2021-05-16 08:59:28,"新人注册时记得要填写邀请码，不然没有交易返利哦，邀请码AGH8J9XY, 祝大家交易顺利.",very_bad
2019-12-01 13:55:10,不好更新，更新麻烦啊,very_bad
2022-04-12 17:45:55,LIMIT_HNRS788O，功能不错，一起赚反利，邀请码：LIMIT_HNRS788O,very_bad
2020-02-20 10:34:48,邀请码：39264452，最新版本可以人脸识别通过了，给个好评,very_good
2021-07-16 12:09:47,很好用的软件,very_good
2021-05-17 18:02:40,只有填写邀请码XKHZ6MMP，才会有返现哟，最高是20%,very_bad
2021-10-08 16:53:39,不好用，真的烂,very_bad
2022-09-15 18:28:19,必须上传身份证正反面才能用？,very_bad
2021-10-15 12:24:20,选择很多，对屯币党和交易者都很友好,very_good
2022-08-14 17:11:35,什么玩意，刷新慢的一批。,very_good
2022-10-19 03:52:48,昨天注册的 今天就被盗了！还好没充钱哈 cao,very_bad
2021-05-14 09:56:42,FOCADDPB 填了有10%反手续费(最高的比例，其他人说的比例都是假的)，随缘邀请。,very_bad
2021-05-18 04:53:41,这是一个神奇的邀请码 97197279 比一般的返佣要高不少，不知道哪来的，可以试试,very_good
2021-06-23 01:39:02,拔线交易所，无良,bad
2021-12-07 08:22:18,填写我的专属邀请码 LIMIT_RL2ZDSVL，加入我的团队可获得1个BNB币，名额有限👍,very_bad
2021-10-16 08:16:34,要什么谷歌验证器，App都打不开，要你何用？,very_bad
2022-03-05 04:39:22,币安邀请码：A8ZCU37W，全网最高返佣，用过都说好，中国人不骗中国人。,very_good
2022-07-15 03:19:43,安全啦，不敢放在别的交易所,very_good
2021-10-12 10:15:30,幣安不給郵箱註冊？手機登又認證不了身份證？,very_bad
2021-08-30 04:11:58,20倍以上的合约 必须60天以后 这点不好,very_bad
2021-09-28 06:59:44,很不错(*๓´╰╯`๓)♡,very_bad
2022-05-09 16:01:10,最新版本中发现了恶意代码,very_bad
2021-08-12 00:58:58,简洁明了，体验佳！,very_good
2022-09-07 06:35:40,非常满意完美,good
2022-05-27 12:56:53,非常棒的体验,neutral
2019-09-04 06:17:41,好棒的一个交易平台,very_good
2022-05-10 01:41:56,垃圾币安！毁我青春，耗我钱财！,very_bad
2022-05-10 03:58:22,还有一些东西可以提升,neutral
2019-06-19 04:13:33,啥时候app可自定义指标参数？,neutral
2021-02-10 01:55:27,记得填写邀请码XUG4UPO9才有高额返现哦，共同获利,very_bad
2022-03-01 12:03:35,好用，邀请码Y0IV5B57可减免40％手续费,very_good
2022-05-28 18:17:02,大半夜拔网线，你是萎了吗？,bad
2022-08-22 14:07:37,可以，比较好用,good
2021-02-08 13:18:04,垃圾软件 一赚钱就搞网络问题,very_bad
2021-12-11 04:13:49,中国无法注册！！！,very_bad
2022-07-26 00:47:35,为什么要清退 为什么不保持 不在大陆提供服务的政策？,very_bad
2021-05-15 01:21:50,新的资产，棒极了,very_good
2022-11-03 23:06:04,币安很保护黑客，被黑的钱，币安并不会积极配合保护客户知产,bad
2020-03-14 08:42:57,好好跟火币学学用户体验,very_good
2022-08-08 17:29:11,帮助手续费我评论里有什么好处就给我点赞吧！,very_good
2021-12-15 06:58:47,为什么不能更新,very_bad
2021-11-08 08:39:24,不错不错不错,very_bad
2021-11-06 22:35:03,"很好,用着好",very_good
2022-06-11 00:47:33,非常感谢开发者,good
2020-12-16 17:56:38,全球最好的交易所,very_good
2021-09-30 02:16:39,没电脑网站好用,neutral
2022-08-14 13:20:19,尼玛b玩了3年 亏了7十万 什么多没有送给我,very_bad
2021-11-11 07:54:53,重置谷歌验证器重置五天都没结果 盈利变亏损,very_bad
2020-01-08 12:17:55,为什么下载安装不了啊,very_bad
2021-10-22 09:25:37,强制绑定验证器,very_good
2021-07-13 08:33:19,很好的系统,very_good
2019-11-23 16:36:52,越用越顺手哈哈哈,neutral
2018-12-16 02:39:59,不错的交易软件,very_bad
2022-04-01 18:22:15,下载太慢了,bad
2022-01-31 07:58:08,不能用，没网,very_bad
2021-09-15 15:26:57,暂时没有问题!,good
2022-02-19 23:09:17,大陆不能用，差评。,bad
2021-06-06 03:11:21,垃圾画线妈的 垃圾中的垃圾,very_bad
2022-07-29 09:40:48,有没有历史版本下载,neutral
2021-03-14 01:46:59,BRZJQKOO邀请码复制这个。你就可以得到了优惠了。,very_good
2021-10-24 04:38:01,为什么泄露个人隐私？天天发验证码短信骚扰？,very_bad
2022-05-10 17:41:44,谋生的路上，不拋弃良知 谋爱的路上，不放弃尊严 这才是我们该有的样子～ 人海忙忙十万里，谁会真诚善待您！ 真诚邀请您填写邀请码BP7WQLRB (全网最高返佣比例！ 现货永久返佣20％，持BNB再减25％累计返佣45％）希望给您带来好运吉祥🙏，并减免一大笔交易手续费！ 认准BP7WQLRB。 注意填写邀请码：BP7WQLRB后注册页面会显示减免比例！,very_bad
2022-02-23 15:44:31,邀请码“LIMIT_VLT8MYAF”我是vip10级用户，用我的邀请码交易手续费限时全免，一年内杠杆交易，币币交易，合约交易免手续费,very_bad
2022-02-19 15:10:22,币安是世界公认的顶级数字货币交易所，我的邀请码:LIMIT_VLTD56U2,very_good
2023-03-26 10:09:35,超级邀请码：49563372,very_good
2023-03-26 04:57:12,不愧是人中龍鳳,very_bad
2021-04-16 07:01:09,国内要身份证，证件照片，人脸，不想死就别用,very_bad
2021-10-11 13:15:56,不坑钱的平台,very_bad
2021-09-12 11:37:42,最好用的钱包,very_good
2018-12-18 01:11:37,提高一下体验感,very_good
2022-11-13 17:53:59,目前用着不错,neutral
2022-10-12 04:57:28,欢迎使用币安，填写邀请码 WBBI3YKV 可以获取40%返佣，交易减免手续费，高额交易优惠更多。,very_good
2021-03-22 00:17:35,填写请码:#15853167#还能有40%折扣,very_bad
2022-02-19 15:33:31,怎么中国大陆的不能注册？,very_bad
2021-11-08 07:53:40,国内使用还是麻烦一些,bad
2021-06-14 07:34:59,注册填写邀请码RY1YBE1U，你我各返10%，凡是数字的邀请码id抽成都很高，不妨用我这个更省手续费,very_bad
2022-07-03 09:23:11,币安安全性比较好,good
2021-03-18 17:35:40,感觉挺好。。。,very_good
2021-10-13 19:13:16,辣鸡东西注册都注册不了,very_bad
2021-02-24 17:29:11,很好用，邀请码88478616,very_good
2021-08-27 12:01:32,有时候会卡,neutral
2023-05-07 16:03:10,lj软件，大饼快点归零吧,very_bad
2022-11-24 19:28:45,最好的交易所,very_good
2022-01-31 08:32:58,大陆用户如果要注册加我wx:A189000002，我有办法注册,neutral
2021-11-12 15:21:27,稀有内推邀请码:WLEL5D2S 填写可得20手续费减免,very_bad
2021-12-02 22:50:35,很好的应用,very_good
2022-01-29 18:16:48,为啥我总是认证失败,very_bad
2021-12-25 21:55:11,垃圾平台，爱拨网了 垃圾垃圾垃圾垃圾垃圾垃圾垃圾垃圾垃圾垃圾垃圾垃圾垃圾垃圾垃圾垃圾垃圾垃圾垃圾垃圾垃圾垃圾垃圾垃圾垃圾垃圾垃圾垃圾垃圾垃圾垃圾垃圾垃圾垃圾垃圾垃圾垃圾垃圾垃圾垃圾垃圾垃圾垃圾垃圾垃圾垃圾垃圾垃圾垃圾垃圾垃圾垃圾垃圾垃圾垃圾垃圾垃圾垃圾垃圾垃圾垃圾垃圾垃圾,very_bad
2022-10-08 16:20:18,很不错的,very_bad
2019-08-02 15:11:59,不错可以的,very_bad
2021-08-27 09:37:41,很好的软件,very_good
2022-05-13 22:45:54,我最喜欢的交易所,very_good
2021-11-30 15:19:02,好用…又快,very_good
2021-06-15 02:05:41,88882892 推荐人ID，可返佣金，互利互惠。,very_good
2022-03-19 12:18:44,赵老板少打点针就好,good
2023-03-09 14:01:58,交易所第一名,very_good
2021-06-25 11:27:06,垃圾东西 设了止损 尼玛直接给强平 坑逼平台,very_bad
2022-09-04 10:29:24,不错的选择,very_bad
2021-05-21 03:11:46,好用的软件,very_good
2019-06-07 17:33:08,挺不错的 邀请码36954982,very_bad
2022-11-18 15:45:36,虚拟货币平台需要身份信息？背地里不搞副业有人信吗？,very_bad
2021-05-11 14:58:36,为什么下载不了,very_bad
2022-05-10 12:49:03,哇，去中心，,very_good
2021-07-16 18:28:17,非常棒，可信赖,good
2019-08-02 06:16:01,祝大家财源滚滚，和气生财，推荐码:37418832,very_good
2022-11-08 04:29:52,怎么跟官网下载的不一样。,very_bad
2022-08-27 02:36:15,垃圾app，骗钱的,very_bad
2021-11-08 08:11:23,好好好好好,very_good
2021-11-09 01:36:11,难用的一批,very_bad
2021-05-17 17:20:20,一直在用,very_good
2022-04-15 17:28:31,推荐ID:U9552K19 使用此邀请码的朋友可以享受41%的返佣 而且使用它，您的收益率将被上帝祝福！➕100000000000%,very_good
2021-03-08 05:32:26,注册id一定要填写15326687，注册送一个bnb哦,very_bad
2021-06-03 09:43:11,讨厌强制更新,very_good
2022-01-18 13:56:21,提现额度较高,neutral
2022-09-12 09:24:43,不好！！用。。。,very_bad
2022-06-21 15:32:59,大陆用不了,very_bad
2019-12-09 14:19:44,K线图简洁易懂,very_good
2021-10-29 10:58:32,没有任何通知，直接冻结持有货币，真是笑死了，请问大陆什么地方可以举报，中国不是禁止吗，违法的交易，通通举报🤬🤬🤬🤬🤬,very_bad
2023-03-09 15:26:47,除了开合约赔钱。其他的还好。cz陪我钱👿,very_bad
2023-01-14 15:26:12,把买币的均价显示出来,very_good
2021-11-30 17:35:00,邀请码10089053。邀请码10089053。邀请码10089053。邀请码10089053。邀请码10089053。邀请码10089053。邀请码10089053。邀请码10089053。邀请码10089053。邀请码10089053。邀请码10089053。邀请码10089053。邀请码10089053。邀请码10089053。邀请码10089053。邀请码10089053。,very_bad
2020-12-06 14:44:56,我在马来西亚，剩下自己填充,very_bad
2019-07-11 08:24:22,故意不支持eth币币，小心眼，死得快,very_bad
2020-03-04 03:07:48,一直支持，历久弥新。,neutral
2022-11-05 09:18:35,挺不错的,very_bad
2021-05-14 09:44:28,买卖不是很清楚,neutral
2022-11-11 22:46:17,邀请码25285015， 朋友们可以挂vpn使用国外邮箱注册！祝大家发财，来吧这里安全,very_good
2022-02-15 02:49:31,很好的交易所，邀请码填XASJ36LY一起享返佣，欢迎加威xyzcsax一起交流量化交易。年化30%以上。,very_good
2021-05-18 21:10:40,提币只能查看持仓币种,neutral
2022-07-01 17:19:04,网络体验极差,neutral
2021-06-07 08:07:52,输入邀请码HZZDBG26，可以减少佣金，不骗你！,very_good
2022-06-08 23:31:26,值得拥有的区块链交易钱包,very_good
2022-05-14 09:01:11,对中国用户不友好,bad
2021-10-15 15:19:47,有些操作繁琐,neutral
2018-11-26 15:59:25,36060655我的邀请码，注册时候填一下，你我都有福利。。,very_good
2022-03-07 10:51:37,好家伙！牛的！可以买不能卖，你倒是别让我买啊,very_good
2022-05-09 12:25:59,最好用的App,very_good
2019-07-01 18:47:24,好用的 我的邀请码 10085956 谢谢,very_good
2021-05-19 14:21:08,真的很垃圾，一跌就拔网线，偷偷搞这些小动作，希望你们币安管理层全部被抓去坐牢。,very_bad
2021-05-15 12:50:58,注册使用我的邀请码10076638，减免50％手续费,very_good
2021-06-11 10:32:07,13981607邀请码，大家一起赚钱！！！冲呀！！！！！！！！！！！！！！！！！,very_bad
2022-03-26 12:02:54,邀请码： 20901695。。可获得40%反佣。。。,very_bad
2021-08-28 13:23:52,请问币安怎么没有马来西亚汇率？,very_bad
2022-05-12 17:10:44,使用体验极差,neutral
2021-09-15 13:51:02,值得信任的平台,very_good
2021-08-27 12:05:21,真的很牛逼！,very_bad
2020-01-13 21:41:52,验证码发不过来,neutral
2022-12-11 07:48:59,全球第一大，不多说,very_good
2022-09-09 13:11:59,81654562 刚注册的输入验证码，这样你每笔交易会返佣40%,very_bad
2022-10-11 03:21:58,进入加密世界的不二之选,very_good
2018-11-23 17:29:33,36049599. 我的邀请码。静待抄底。,very_bad
2021-05-25 07:57:19,赚了很多钱,very_good
2021-08-20 16:01:56,做的不错,very_bad
2020-03-18 12:52:15,还是不错的,very_bad
2020-01-19 02:33:32,非常好的,very_good
2022-11-17 23:43:42,安全 是最重要的,very_good
2021-07-06 02:08:25,填写邀请码97304070 享受币安交易手续费优惠政策。,very_good
2021-05-17 03:32:12,涨跌永远一个颜色？,very_bad
2021-08-28 19:50:33,RTCQGRPO注册填写邀请码可返手续费,neutral
2021-05-18 12:01:57,注册填写邀请码BLNZD17R 可返现20％ ，因为我就是币安队长我能给你20％ 什么给被邀请人40％50％100％返现都是扯淡，最多只能给被邀请人返现10％或者20％，而20％返现只有币安队长才给到，一般最多10％，注册填写邀请码BLNZD17R可返现20％，如注册不填邀请码一分返现都没有，因为我就是币安队长我能给你20％ ，没有20％返现或者我的描述有问题可来骂我 ，国内的兄弟姐妹们一起来用我的推荐码吧！祝福大家发大财。,very_bad
2021-09-29 10:07:27,啥也不说邀请码64828358，你们懂得！！！高返利,very_bad
2018-11-24 12:21:43,36051908这是我的推荐ID，一起赚钱,very_good
2019-06-16 00:28:31,刷单严重,very_bad
2021-07-20 18:00:24,泄露个人信息，诈骗找上门了,very_bad
2021-07-30 15:29:59,邀请码填RD1RVMM0 可返百分之五 什么40都是骗人的,very_bad
2021-12-02 08:34:06,涨跌幅设计反人类,very_bad
2019-11-02 15:13:26,我的推荐码，有褔利38287658,very_good
2019-10-13 12:46:12,亏钱的好地方,very_good
2022-10-26 07:46:19,填写币安最新邀请码 WBBI3YKV 可以享受40%交易返佣，每笔交易都可以节省手续费,very_good
2019-07-26 07:22:58,超级返现码:37342457 实时返现到账,very_bad
2022-09-01 01:19:05,推荐码 89423956 加微信一起聊btc呀。,very_bad
2021-10-26 02:49:23,填写邀请码WBBI3YKV获取20%手续费减免。😀,very_bad
2022-06-02 04:39:11,用返卷id：LIMIT_MYXX6YRX可获100美金费用返现,very_bad
2021-05-06 09:07:01,欢迎使用邀请码 73722388 你我都好运 一起享受超低手续费 加油 加油,very_good
2021-07-16 13:25:42,韭菜市场，虚空牛市骗你进场被套，没个三五年出不来，慎入,very_bad
2021-07-26 11:33:25,尼玛的狗日，把我写的洗了干嘛，曹尼玛，这废软件别信，大多数都是骗子曹尼玛,very_bad
2022-05-09 15:03:40,最喜欢币安,very_good
2021-03-14 04:57:19,97154054 共享40%返佣，谢谢,very_bad
2023-04-11 17:09:32,腾龙娱乐 真人实体现场直播大厅白家乐龙虎牛牛 公平公正公开 可以usdt 了解咨询纸飞机tl570 纸飞机tl8885,very_good
2022-05-31 09:48:38,请使用我的双赢邀请码，拜托了: LIMIT_MYXDLGRC,very_good
2020-01-18 17:32:53,一定要输入邀请码38115691有返利。,very_bad
2021-05-19 01:16:59,祝各位买什么什么涨～邀请码TEKUZH7V,very_good
2022-08-05 13:51:12,可以，发财了,good
2021-06-25 18:28:29,填我邀请码，佣金一人一半VNUNQS4W,very_bad
2021-05-17 16:45:26,能从别的平台转币到币安吗,very_bad
2018-12-17 16:08:59,推荐人ID那里输入36133102,very_bad
2022-10-10 13:15:16,更新等个半天,very_good
2022-05-16 15:56:45,CPA_00BYBE5FVI 使用这邀请码可免除20%的手续费 🤝双赢,very_good
2023-01-03 14:41:37,黄站长发红包,very_bad
2019-07-07 10:02:02,好用 37202616邀请码,very_good
2021-06-17 22:03:07,填写这个邀请码X9HDO1S3可以有10%返佣金噢！诚意邀你,very_bad
2022-11-05 07:05:16,⛔ 注意 注意 注意 ⛔ 仅限以下币安邀请码注册立刻返佣50%: 邀请码 : HZLJF0GV ☜ ☜ ‼️注意 注意 注意‼️ 仅限以下币安邀请码注册立刻返佣50%: 邀请码：HSEJ9CKN ☜☜☜ ✅杠杆倍数 返佣高达 30% ✅现货 返佣高达 40% ✅矿池 返佣高达 50%,very_bad
2022-10-20 12:37:37,给力，最牛交易所,very_good
2021-10-22 09:34:58,听说新版本必须谷歌认证，先差评,very_bad
2022-11-21 13:38:53,邀请码：13837288注册填写，返还40%交易佣金,very_bad
2022-01-26 16:50:01,实名后还有安全可言吗,very_bad
2022-10-28 19:02:09,没赚到钱,very_bad
2022-05-21 13:40:58,做黄金托管可以联系 两个月四十倍利润 开户服务 微信mt4338,very_good
2022-07-14 14:13:37,赚了好多钱嘿嘿,very_good
2021-04-22 04:21:19,台股爆料交流社團加賴:1781504,very_bad
2021-10-28 14:25:25,要跑路吗 这样搞,very_good
2021-04-12 16:54:08,注册填写邀请码，有20%返佣 82104147,very_bad
2020-03-20 08:55:50,卡死，合约深度差,bad
2021-01-05 15:13:44,邀请码 54815224 有返利噢！,very_bad
2022-04-08 16:21:41,官方客服思雨邀请码:84871737 可以找我一对一指导哦⊙∀⊙！,very_bad
2022-05-31 09:51:46,币安队长，高反佣，邀请码56101084,very_bad
2022-06-22 14:35:11,听说很坑,bad
2022-10-31 16:51:22,封我号，拿走我的币的垃圾,very_bad
2021-08-27 07:13:34,名列前茅的交易市场 哈哈,very_good
2021-04-20 04:21:51,一条大路通罗马,very_good
2019-03-19 14:04:40,大哥 有点麻烦,neutral
2021-10-30 10:13:42,骗子的温床,very_bad
2021-12-23 11:46:40,别清就好了,very_good
2019-07-30 08:56:49,launvhpad在哪里,very_bad
2020-05-08 13:56:51,挖矿pi加微信s18503,good
2018-12-13 14:20:11,隨時掌握匯率,good
2018-12-02 11:04:39,邀请码 :36084022 谢谢,very_good
2021-05-11 09:40:57,邀请码 39307284 共同致富,very_good
2022-03-17 16:03:47,以太坊0x247f55d19E9e37C0B6EcecBb79efFaF4fe7a98E4,very_good
2022-06-21 05:21:13,拉网线的屑k48,good
2022-11-05 18:17:11,整天更新个鬼啊,very_good
2022-09-01 03:26:15,玩 币 归 赵,very_bad
2022-06-03 04:42:35,注册填写邀请码LIMIT_MYX2YQVI 获得返佣金,very_bad
2022-10-13 20:31:26,无话可说,very_bad
2022-05-09 15:33:23,几个币一看一天,very_bad
2021-05-10 06:33:33,good 邀请码:WRL7M0FL,good
2021-12-06 04:33:40,2fa验证错误,very_bad
2022-11-26 14:26:46,玩币归赵！,very_bad
2019-02-28 03:13:48,36435774 最新福利邀请码,very_good
2022-05-10 04:42:11,邀请码84494184,very_good
2022-08-05 08:36:24,让我赚钱吧,very_good
2021-09-15 12:52:32,币安插针王加油,very_good
2022-03-31 13:03:55,性质比赌博还恶劣,bad
2022-02-21 21:31:08,注册返利 邀请码VLTBOHJ9,very_bad
2021-08-30 02:27:04,会泄露个人信息吗？,very_bad
2022-06-07 05:13:30,这是赵长鹏的币安吗？,very_bad
2022-03-20 16:01:22,万币归赵,very_bad
2021-05-11 05:34:03,X6S0AH6N 一半返佣，欢迎填写,very_good
2021-08-15 15:17:28,手续费八折NHTAL8HN,neutral
2022-06-29 05:41:21,祝大家炒币暴富啊,very_bad
2022-05-10 12:28:26,暴富必备,very_bad
2020-12-07 01:46:51,D1JXPAXO你懂的,very_good
2021-06-07 15:21:23,德体均优,very_good
2022-04-08 08:42:53,橡木家菲鸡：羊龙牛龙兔牛鼠鼠羊兔0,very_bad
2022-04-21 20:41:42,也就那样,very_good
2021-06-05 07:05:30,邀请码：JDQHVI2Q,very_good
2019-08-24 06:03:08,币安就是牛,very_bad
2020-11-20 10:01:52,邀请码：13760292,very_good
2021-09-01 11:38:19,盗窃个人信息,very_bad
2021-05-15 06:28:38,邀请码20%返佣:BV3LJF3F,very_bad
2022-06-05 16:40:53,用下再说,very_good
2021-04-23 03:52:46,👇邀请码:KBY8AC6L,very_good
2022-09-30 18:32:17,全球币安,very_good
2019-02-17 14:34:53,币安第一大交易所,very_good
2021-06-04 01:28:43,头把交椅,good
2021-09-12 13:52:13,独孤九剑,very_bad
2023-05-31 17:32:22,nice,good
2023-05-16 05:38:43,good,good
2023-04-21 03:28:07,"Trước tiên là việc tải và cài đặt ứng dụng binance rất dễ dàng trên cả hai hệ điều hành Android và iOS. Khi bạn mở ứng dụng, giao diện rõ ràng và đơn giản để sử dụng, cho phép người dùng dễ dàng tìm thấy các tính năng cần thiết. Khi bạn đăng nhập vào ứng dụng, bạn sẽ thấy một loạt các cặp giao dịch khác nhau và biểu đồ giá trực tiếp!!",good
2023-04-18 12:56:50,Good,good
2023-04-13 11:08:42,垃圾,very_bad
2023-04-04 13:42:26,good,good
2023-03-30 15:38:50,哈哈不错,very_bad
2023-03-23 15:01:11,好的,very_good
2023-04-04 14:23:42,good,good
2023-03-28 13:28:50,好用,very_good
2023-02-27 16:17:12,垃圾,very_bad
2023-05-20 00:37:40,不错啊,very_bad
2023-03-01 15:28:21,赚钱养家,very_good
2023-03-29 05:13:27,ik,very_good
2023-02-25 13:49:43,💯,very_good
2023-01-26 04:21:06,Displayed after downloading the software（a . gray . PiggyGoldcoin . b）how to solve？,very_bad
2023-01-28 01:39:42,还不错,very_bad
2023-02-08 04:22:08,very good,very_good
2023-02-15 13:18:55,goog,neutral
2023-01-11 17:33:10,垃圾,very_bad
2023-01-26 01:14:03,方便,very_good
2023-01-02 22:27:14,杠杠低,bad
2023-01-12 18:25:11,可以,good
2023-01-03 15:34:40,👍👍👍一切正常,very_good
2023-01-04 08:06:16,very good,very_good
2023-05-01 04:54:45,还可以,good
2022-12-19 03:16:34,很好,very_good
2022-12-06 00:13:45,呼吁u,very_bad
2022-11-30 21:15:39,很不错,very_bad
2022-11-24 03:50:13,不错,very_bad
2022-11-25 04:43:13,可以,good
2022-11-24 12:53:42,非常好用,good
2022-12-04 15:45:22,还不错,very_bad
2022-11-18 04:38:47,挺好,very_good
2022-12-26 15:09:05,可以的,good
2022-11-08 17:08:16,Is gadget removed in the latest version?,very_bad
2022-11-13 10:32:10,好评！,very_good
2022-11-04 11:26:13,good,good
2022-10-24 04:48:09,很好用,very_good
2022-10-07 17:04:34,最好的,very_good
2022-11-06 02:10:28,冻结资产,very_bad
2022-09-28 13:11:55,非常不错,very_bad
2022-10-30 18:57:47,love,very_good
2022-09-30 16:28:32,现货,good
2022-09-11 21:36:49,非常方便,good
2023-03-01 07:44:11,good,good
2022-09-13 02:09:50,顺畅，顺滑，,very_good
2022-09-07 04:57:24,非常好用,good
2022-09-15 20:54:13,好用,very_good
2022-09-03 13:24:20,好用,very_good
2022-11-07 07:36:31,Very good,very_good
2022-09-05 19:21:11,just soso,bad
2022-07-30 08:30:11,没得说,very_bad
2022-09-11 15:48:12,很好,very_good
2022-08-09 14:46:22,good,good
2022-09-08 16:00:43,nice,good
2022-07-15 15:18:58,Number One,very_good
2022-07-29 06:08:38,good,good
2022-07-24 10:44:23,Good,good
2022-07-20 04:14:21,"Has a few features that improving them a little it would make a huge impact: 1:the possibility to change the reference value that app uses on any account amount statement, it would be easier if we could set $ as reference 2:the balance must be calculated from our movements and not only by the difference when the day started 3:redesign buttons placement, it took me several minutes to find the withdraw button(cuz translations) 4: itd be nice if we had a clock showing the UTC used for Binance",neutral
2022-07-14 15:02:55,很好,very_good
2022-07-10 17:51:29,ok,neutral
2022-06-29 16:48:32,不错,very_bad
2022-06-29 10:38:22,"Intuitive and very easy to use, very handy for trading on the go. Personally I use this mobile app more than desktop app because I can't stay long in front of my computer, and in my opinion it's faster to input on the mobile app rather than the desktop one.",very_good
2022-07-02 04:40:21,verygood,bad
2022-07-10 19:11:51,buena,good
2022-06-26 12:02:35,填写邀请73990782会获得20%手续费 Fill out the invitation 73990782 receive a 20% commission,very_bad
2022-06-24 11:33:35,牛逼啊,very_bad
2022-07-03 02:00:12,很棒,neutral
2022-08-05 06:54:59,好,very_good
2022-06-22 15:30:58,不错,very_bad
2022-07-03 06:08:24,ok,neutral
2022-06-23 02:37:39,good,good
2022-06-10 06:53:58,好用，不贵。,good
2022-06-24 10:10:33,还不错,very_bad
2022-06-14 11:30:18,邀请码LIMIT_MYX67QHB,very_good
2022-06-11 00:45:24,非常完美,good
2022-06-30 17:13:25,老是卡,neutral
2022-06-08 06:30:17,赚麻,neutral
2022-06-02 05:44:01,很棒,neutral
2022-06-04 05:38:49,古德古德,neutral
2022-05-20 11:35:20,邀请码： CPA_00MOEYNTOY,very_good
2022-05-17 09:49:55,OK,neutral
2022-05-28 16:04:36,OK,neutral
2022-05-20 07:17:00,Good,good
2022-05-25 01:11:21,good,good
2022-05-13 00:14:56,not mature，but available,neutral
2022-05-14 13:17:58,great cyrpto app! easy to learn and use,very_good
2022-05-16 19:30:42,好用,very_good
2022-05-16 07:21:21,quá tuyệt vời,very_good
2022-05-15 05:09:48,rubbish！,very_bad
2022-05-12 08:39:39,nice APP,good
2022-05-12 12:35:53,very good,very_good
2022-05-22 02:00:18,可以,good
2022-05-07 07:49:06,很好,very_good
2022-05-12 08:54:53,好👍🏽👍🏽👍🏽👍🏽👍🏽👍🏽👍🏽👍🏽,very_good
2022-05-09 17:47:06,好,very_good
2022-05-10 23:13:26,好,very_good
2022-05-31 00:44:06,好,very_good
2022-05-11 19:30:16,不错,very_bad
2022-05-09 15:44:45,good jobs,good
2022-11-25 17:38:21,yyy,neutral
2022-05-15 18:22:25,NYX,very_good
2022-04-27 08:28:17,好,very_good
2022-04-25 13:04:36,哈哈,neutral
2022-05-20 05:24:26,更新完闪退,very_good
2022-04-11 18:07:31,垃圾软件,very_bad
2022-04-19 00:20:05,不好,very_bad
2022-09-04 16:43:12,s好用,very_good
2022-05-09 03:16:58,还行,neutral
2022-04-12 14:29:48,Nice....,good
2022-04-02 14:54:04,邀请码 CPA_0088ZO4X9C,very_good
2022-03-28 04:25:21,安全 便捷,very_good
2022-03-29 01:19:03,垃圾,very_bad
2022-04-02 11:27:26,新鲜,very_good
2022-03-27 10:30:15,好,very_good
2022-04-10 08:10:06,รดรพนพ,very_good
2022-03-31 09:23:06,好,very_good
2022-03-21 09:40:38,非常好用,good
2022-07-16 02:47:53,安全可靠,good
2022-03-15 16:13:12,好的,very_good
2022-03-04 13:29:18,好,very_good
2022-03-31 08:30:18,好,very_good
2022-04-11 16:59:25,Very good,very_good
2022-03-23 06:09:13,Good,good
2022-03-27 11:18:16,ii,neutral
2022-03-01 04:33:20,体验极差,neutral
2022-02-11 18:36:20,好用,very_good
2022-07-29 16:06:59,加上推荐ID：45595677，可以节省40%的手续费，之后可以加WX：Agatha_0515，凭推介截图可以进入聊天群共同学习交流，不推荐平台，只推荐交易心得，长期稳定盈利，教你极短线交易。,bad
2022-02-07 14:19:05,"Chinese ip rejected, usa ip also rejected? And i asked my Japanese friend for help, u need a device with camera?",very_bad
2022-02-08 15:38:55,we want to know when import our MYR in binance？,very_bad
2022-01-25 09:52:27,不错,very_bad
2021-12-22 20:31:42,I do like looking forward to use better in next 3/5/8 years or more,good
2022-02-13 15:17:35,very good,very_good
2021-12-24 10:25:11,很好！,very_good
2022-01-11 23:46:05,不错,very_bad
2022-01-16 01:47:09,goodd,good
2021-12-02 09:25:03,非常好！,very_good
2021-12-06 06:31:54,邀请码 LIMIT_RL22JDCQ,very_good
2022-01-12 03:00:59,也真棒,very_good
2021-12-21 10:43:19,好平台,very_good
2021-12-20 15:03:09,安全方便,very_good
2021-12-23 10:29:45,还行,neutral
2021-12-20 13:26:56,好,very_good
2021-12-11 14:32:30,好,very_good
2021-12-27 09:15:53,不错,very_bad
2021-12-20 17:05:23,赞,neutral
2021-12-20 13:38:47,very good,very_good
2021-12-21 19:02:55,Laji,good
2021-12-02 15:38:46,Good,good
2021-12-11 00:20:44,可以,good
2021-12-03 09:48:58,good,good
2021-11-30 11:32:02,非常好,very_good
2021-12-03 14:51:50,好,very_good
2021-11-30 16:14:35,外瑞good,good
2021-12-06 08:53:51,vb,neutral
2021-12-02 10:03:41,好用，穩定,very_good
2021-12-07 21:50:45,很棒,neutral
2021-11-30 14:18:11,好,very_good
2021-11-30 16:15:49,Nice.,good
2021-11-14 11:30:16,好用,very_good
2021-11-13 12:57:38,很不错,very_bad
2021-11-17 01:08:35,ok,neutral
2021-11-16 09:30:21,很好,very_good
2021-11-07 19:12:42,赞,neutral
2021-11-12 12:24:07,好,very_good
2021-11-12 18:33:21,Very good app&platform.不错,good
2021-11-16 10:01:39,好用,very_good
2021-11-08 16:09:16,好,very_good
2021-11-08 09:01:48,好,very_good
2021-10-21 16:49:49,CVC,good
2021-12-06 11:41:25,好用,very_good
2021-10-15 19:02:09,非常棒,neutral
2021-10-22 11:41:32,不错,very_bad
2021-10-26 11:46:02,good,good
2021-10-22 08:56:51,Nice,good
2021-10-23 02:56:36,good,good
2021-10-15 15:32:11,好,very_good
2021-10-15 11:37:55,verify good,good
2021-10-15 16:03:20,nice,good
2021-11-21 03:37:47,网络错误,very_bad
2021-10-15 19:39:42,好用,very_good
2021-10-11 12:56:37,好,very_good
2021-10-23 07:18:07,nui bi,neutral
2021-11-21 05:46:37,可以的,good
2021-09-15 11:38:01,非常好用,good
2021-09-16 04:17:54,好用,very_good
2022-05-10 14:29:21,可以,good
2021-09-15 12:35:02,g0,very_good
2021-08-20 05:33:55,偷钱明显,very_good
2021-08-28 14:50:15,好用,very_good
2022-09-02 19:19:50,好用,very_good
2021-08-28 05:36:41,垃圾,very_bad
2021-08-13 04:58:32,Easy to use,very_good
2021-08-30 05:56:24,good。,good
2021-08-27 12:07:12,very good,very_good
2021-10-12 05:42:34,very good,very_good
2021-08-11 14:54:20,Good,good
2021-08-23 03:02:03,Yt,very_good
2021-08-27 09:16:56,good,good
2021-08-10 04:22:35,personal data leak，scam risk increased,very_bad
2021-07-30 12:54:18,好平台,very_good
2021-08-11 20:50:54,很好,very_good
2021-08-11 12:52:28,很不错,very_bad
2021-08-28 15:45:40,Ok,neutral
2021-08-13 09:08:26,好,very_good
2021-08-08 10:23:06,不错,very_bad
2021-07-17 00:20:06,ok,neutral
2021-09-15 16:01:54,Hao-,neutral
2021-08-23 09:04:07,tinghaoyong,neutral
2021-07-15 14:35:22,赞,neutral
2021-07-18 05:36:27,海星,very_good
2021-07-16 12:45:36,好用,very_good
2021-07-24 07:43:30,好用,very_good
2021-07-08 13:46:21,KYC审核forever。,very_bad
2021-07-16 11:26:32,👍🏻👍🏻👍🏻👍🏻👍🏻👍🏻👍🏻👍🏻👍🏻👍🏻👍🏻,very_good
2021-06-28 11:08:47,非常好👌🏻,very_good
2021-06-28 17:10:29,很好用,very_good
2022-01-08 08:14:44,辣鸡,neutral
2021-06-22 21:21:25,赞👍🏻,very_good
2021-12-01 06:37:47,好用,very_good
2021-08-20 01:54:44,新版本,very_good
2021-06-28 14:27:43,很稳定,neutral
2021-06-28 11:06:17,嗯嗯,very_good
2022-10-14 12:06:08,good,good
2021-05-28 16:31:56,好！,very_good
2021-06-01 15:03:29,奇怪，马来西亚不能注册了啊？？,very_bad
2021-06-07 04:57:49,好用易用,good
2021-07-03 15:05:18,Nice,good
2021-06-07 05:56:19,Good,good
2021-06-07 07:00:09,Great,very_good
2021-06-22 16:29:20,Very safe and professional software.,very_good
2021-05-26 04:14:37,各种错误,very_bad
2021-06-07 07:19:55,希望回本,very_good
2021-06-01 02:45:36,很赞,very_good
2021-05-28 09:26:30,赞,neutral
2021-05-20 04:35:12,奈斯,neutral
2021-05-14 10:06:55,Great app for crypto trading. Use my code for discounts on tx fees: RIYSDCXQ 最好用的加密货币交易软件，交易费用折扣用：RIYSDCXQ,very_good
2021-05-18 03:46:34,好好好,very_good
2021-05-18 08:52:12,很好,very_good
2021-05-18 06:30:56,very good,very_good
2021-05-14 22:19:58,cool app,very_good
2021-05-18 11:24:06,cool,very_good
2021-05-18 05:12:45,coooool,neutral
2021-05-14 08:52:47,简单，快速😁,very_good
2021-05-14 11:04:26,好用,very_good
2021-05-14 13:35:14,好,very_good
2021-05-14 10:45:45,还可以,good
2021-05-09 09:37:16,No support will guide new user?,very_bad
2021-04-26 18:28:59,好,very_good
2021-04-20 04:25:40,快！安全,very_good
2021-04-20 04:24:55,好用,very_good
2021-04-20 04:18:38,好用,very_good
2021-04-22 01:42:05,很好,very_good
2021-04-11 04:05:39,impressive!,very_good
2021-04-20 03:46:56,good,good
2021-06-03 16:46:53,Good,good
2021-04-19 01:47:45,good,good
2021-05-14 15:30:20,good,good
2021-03-11 10:24:25,推荐码: 95196278,very_good
2021-03-24 15:27:13,闪退,very_bad
2021-04-20 05:07:15,doubi,neutral
2021-03-31 10:57:33,Good,good
2021-03-30 10:05:56,👍👍👍👍👍,very_good
2021-03-10 19:25:29,Very convience,bad
2021-03-10 08:30:27,：）,very_good
2021-02-09 00:56:30,大家一起享受最高永久返佣40% 76895216,very_good
2021-03-15 19:50:29,Better than coinbase pro app,very_good
2021-02-15 03:11:33,I haven't made any money investing in this platform.,very_bad
2021-02-21 15:54:14,难用,very_bad
2021-02-19 08:03:04,my id：19790850,very_good
2021-03-08 13:58:40,很好,very_good
2021-06-14 04:18:23,流畅,very_good
2021-03-24 16:45:33,好,very_good
2021-02-14 20:30:36,Ok,neutral
2021-02-16 05:17:49,不错,very_bad
2021-07-11 08:19:26,。。。,neutral
2021-01-27 02:11:20,很好用，,very_good
2021-02-09 04:32:43,老是卡,neutral
2021-02-12 12:08:48,非常棒,neutral
2021-02-18 00:49:31,excellent!!,very_good
2021-04-26 13:20:23,good,good
2021-02-04 14:49:10,Good,good
2021-06-04 00:34:13,还好,very_good
2020-12-25 22:00:56,很好,very_good
2021-11-18 09:18:58,好用,very_good
2021-01-18 04:27:01,很不错,very_bad
2021-01-18 07:07:58,好用,very_good
2021-01-20 11:06:23,不错,very_bad
2021-01-18 04:15:33,好,very_good
2021-01-18 06:15:03,Good,good
2020-12-12 21:26:43,欺诈,very_bad
2020-12-13 03:19:56,不错,very_bad
2020-10-08 17:18:38,"Bitcoin spot futures contract trading, registered to send $1,000 experience gold, LINE:petty52",very_bad
2020-10-12 09:20:01,还可以,good
2020-10-28 08:58:33,Good,good
2020-10-04 07:22:21,good,good
2020-12-07 13:42:42,只精确到小数点后2位,bad
2020-09-14 09:59:26,哈哈哈,neutral
2020-09-16 07:58:22,not bad,neutral
2020-11-21 10:02:23,还行,neutral
2020-08-07 12:36:54,Good,good
2020-07-29 17:09:08,割韭菜利器,very_bad
2020-07-29 00:37:17,不錯,very_bad
2020-06-12 18:12:38,good,good
2020-05-25 07:54:45,好用,very_good
2020-05-01 03:00:24,Input the referral id 39633228 when you register your new binance account. enjoy the best trading experience. Thank you and have a nice day!,very_good
2020-08-11 02:24:57,非常棒,neutral
2020-04-11 17:38:38,好评好评,very_good
2020-04-11 15:43:30,Good,good
2020-03-20 08:49:31,很棒,neutral
2020-03-08 14:59:03,good,good
2020-02-14 10:33:30,还行,neutral
2020-02-03 10:00:02,Easy to use,very_good
2020-01-14 18:48:08,On future trade price hit as set but didn't execute,bad
2020-02-21 08:49:52,great,very_good
2020-01-06 11:43:48,看好bnb btc,very_good
2019-12-28 03:29:40,很赞,very_good
2019-12-08 11:31:15,很好,very_good
2019-11-02 07:51:05,方便快捷,very_good
2020-01-28 09:04:45,nice,good
2019-10-16 05:23:54,牛逼,very_bad
2019-10-20 02:39:57,好,very_good
2019-10-21 16:48:26,good,good
2019-10-22 13:23:28,很好,very_good
2019-10-28 06:10:16,OK,neutral
2019-09-20 12:50:19,Nice!!!!,very_good
2019-10-09 14:40:05,垃圾,very_bad
2019-09-03 05:34:16,超好用,very_good
2019-09-02 18:32:59,很好,very_good
2019-09-03 00:25:07,好,very_good
2019-10-22 13:20:32,好,very_good
2019-09-16 05:43:42,卡卡卡,neutral
2019-08-22 02:46:52,推荐Id 37511959,very_good
2020-01-02 07:27:39,坑钱,very_good
2019-08-05 16:50:46,很好,very_good
2019-08-05 11:42:29,the best of all crypto trading platform,very_good
2019-08-15 05:51:00,不错,very_bad
2019-08-10 11:13:51,流畅,very_good
2019-08-05 11:43:01,NICE!,very_good
2019-08-08 10:06:47,SoloLink,very_good
2019-07-08 16:16:06,非常流畅,neutral
2019-05-21 10:36:22,我的推荐id：35221490,very_good
2019-05-31 02:54:21,邀请ID 36918934,good
2019-04-28 10:28:44,注册推荐ID: 17599316,very_good
2019-04-14 02:19:44,非常不错,very_bad
2019-04-18 02:47:58,36681913 福利,very_good
2019-04-04 06:31:28,"Hello, I would like to ask, I am a Malaysian. Can I withdraw the Malaysian currency directly into my Malaysian bank account? Or you can withdraw money to my bank card.",very_bad
2019-06-04 05:04:26,很赞,very_good
2019-01-26 15:11:03,This is a wonderful and useful exchange app,very_good
2018-11-08 16:17:09,好用,very_good
2019-03-29 10:39:28,棒,very_good
2018-08-18 04:45:55,美图T9安装不了,very_bad
2018-07-31 02:33:01,交易界面经常刷新不了，心累,bad
2018-05-15 01:18:14,很好用,very_good
2018-07-01 06:20:58,Best exchange ever,very_good
2018-05-09 16:35:21,这个还是要用vpn不够增订，不用vpn太慢了，到建议针对国内用户优化下，okeyx现在就优化的很好很流畅,bad
2018-04-16 13:28:57,还不如旧版本 更新了各种延迟各种链接超时,neutral
2018-07-24 12:21:27,好用,very_good
2018-04-25 06:28:25,加油,good
2018-04-16 14:12:59,很安全的交易所,very_good
2018-03-29 00:38:41,很好,very_good
2018-04-16 09:50:06,很棒,neutral
2018-04-02 12:09:04,ok,neutral
2018-03-22 00:59:23,币安，大平台，都懂的。,very_good
2018-03-19 08:47:35,设计令人习惯,neutral
2018-03-14 14:19:28,I like binance,good
2018-03-14 16:17:50,i love binance,very_good
2018-02-25 19:07:56,我不得不说币安的大红大绿配色真的丑,very_bad
2021-12-29 19:35:22,Ok,neutral
2018-02-12 06:15:45,其他都好，k线为什么不能看到所有数据，只能看到最近的,neutral
2018-02-11 11:23:07,界面特别不错,neutral
2018-05-05 04:22:33,good,good
2018-02-11 09:52:13,方便快捷，实用性高°,good
2018-04-06 03:25:39,nonono,neutral
2018-01-14 17:57:51,不得不给你一个5分，你不仅是中国的顶级优秀应用，也是世界交易所的优秀应用。居然有个五毛要红绿反过来，那样的人不应该享受自由，还是该永远呆在你的中国梦里。,very_bad
2017-12-31 21:53:35,如果可以设置红绿反过来就最好了,very_good
2018-01-04 03:42:31,What happen Binance ? Suddenly cannt log in?,very_bad
2017-12-29 14:12:38,新版之后，界面和操作都好了不少。,neutral
2017-12-31 12:20:54,bnb加油,good
2017-12-27 00:58:53,不错 就是有时候不翻墙刷新不了,very_bad
2017-12-14 17:04:31,请问马来西亚不能手机号验证吗？,very_bad
2017-12-05 00:34:02,Android 8.0 根本看不了k线图。进去就闪退,very_bad
2017-12-05 00:29:41,经常闪退,very_bad
2017-11-24 06:18:30,更新完进不去？？,neutral
2017-11-05 22:13:38,很不错，GooglePlay 国内首家吧,very_bad
2018-05-21 15:11:09,虽然服务器在国外是币安的优势 但是随着中国市场的扩大，国内的服务器也该考虑下吧 这速度…,neutral
2022-02-06 00:22:27,No problems with the app whatsoever.,very_good
2018-08-05 14:20:13,币安世界第一,very_good
2021-10-22 00:31:32,不好用,very_bad
2021-12-03 07:28:23,很好！,very_good
2022-10-28 02:00:29,值得信任!,very_good
2017-11-08 09:29:12,快！安全！高效！,very_good
2021-12-20 14:47:37,好用安全，,very_good
2022-09-25 04:57:07,非常好。,very_good
2021-12-12 13:01:28,垃圾软件,very_bad
2021-05-19 18:17:17,恶意操作,very_bad
2018-02-03 16:33:49,无法更新,very_bad
2023-01-06 11:15:17,难用的,very_bad
2020-08-05 23:50:10,骗人的,very_bad
2022-08-08 13:30:44,非常好用,good
2022-09-15 09:30:36,很好用,very_good
2021-07-03 20:09:50,很好用,very_good
2022-09-19 14:40:08,非常好用,good
2022-06-04 05:10:35,服务很好,very_good
2021-12-13 01:48:31,非常好用,good
2017-11-03 01:08:20,不错，,very_bad
2022-11-01 08:03:16,很好,very_good
2021-03-31 06:55:24,非常好,very_good
2022-11-18 04:23:34,挺好,very_good
2022-08-04 13:32:08,还行,neutral
2022-11-06 07:38:24,非常好,very_good
2020-12-10 04:44:04,居然不能下载,very_bad
2018-05-05 16:23:14,怎么一直等待,very_bad
2019-11-02 12:48:14,垃圾,very_bad
2018-04-28 16:00:43,非常好,very_good
2022-05-10 03:59:09,深度好,very_good
2018-04-22 06:36:33,超赞,very_good
2022-06-25 13:43:15,好使,very_good
2022-11-09 01:11:01,非常好,very_good
2022-11-19 06:35:02,很好,very_good
2021-10-22 12:44:11,非常好,very_good
2018-05-24 02:30:43,很好,very_good
2022-06-12 04:00:44,非常好,very_good
2023-02-04 08:08:43,很棒,neutral
2021-10-22 09:40:09,好用,very_good
2018-02-13 06:01:21,非常棒,neutral
2018-11-26 09:19:29,好用,very_good
2022-09-01 17:57:39,好用,very_good
2019-07-23 15:21:13,不错,very_bad
2022-06-21 16:15:33,好,very_good
2021-05-10 16:28:50,Ok,neutral
2021-12-07 08:51:16,好,very_good
2021-06-07 13:27:47,好,very_good
2022-07-31 09:02:18,安全,very_good
2020-04-07 12:36:51,不错,very_bad
2021-10-13 14:38:03,不错,very_bad
2022-04-29 04:17:41,好,very_good
2022-04-01 09:49:01,好,very_good
2023-05-04 11:55:02,好,very_good
2022-05-12 15:25:54,⁶666666666,very_bad
2017-12-03 10:31:58,安装不了,very_bad
2018-02-03 20:50:10,不让下载,very_bad
2023-04-21 05:11:12,very good,very_good
2020-05-25 05:06:21,Easy to use,very_good
2022-05-17 13:21:35,Very good,very_good
2022-11-30 18:18:22,磁力链接,good
2023-04-05 22:49:14,safe fst,very_good
2020-04-19 16:46:45,vvv吃,good
2019-11-14 13:54:55,one of the best,very_good
2021-07-13 11:05:23,very very good,very_good
2017-10-28 17:09:08,cool,very_good
2022-11-22 07:12:02,good,good
2022-08-21 08:43:00,可以,good
2022-05-11 13:06:19,good,good
2022-05-13 15:06:31,best,very_good
2022-11-06 01:24:06,Good,good
2022-11-07 17:46:25,Good,good
2022-04-30 14:57:23,good,good
2018-07-11 12:18:41,good,good
2019-11-28 01:44:21,Good,good
2018-02-05 17:34:35,good,good
2021-11-08 08:14:03,可以,good
2021-03-09 23:35:35,좋아요,very_good
2019-07-13 12:43:47,WOW,very_good
2021-06-28 12:48:35,Good,good
2021-09-15 22:11:53,可以,good
2023-04-12 18:05:43,"I pay a seller for usdt and the seller never released the usdt and restricted me form buying from him, I reported him for more then 5 days now, I'm yet to get response from Binance, I just want to express my dissatisfaction in Binance and advice even one to change another exchange. Binance is full of scammers and the customer service of this platform is poor. What makes its worst is that they don't even have directed access to their customer service. I kindly advise anyone trying to download th",very_bad
