date,review,rating,isEdited,title,userName
2022-09-20 11:44:36,"The worst exchange for p2p merchants. You have to make a deposit for each market. You have to wait 7 days to change a market, for example from euros to dollars. If you get caught cheating, you'll wait a week for support to consider the appeal. It feels like they are covering for cheaters. You have to wait a week to get your deposit to work p2p. This is the dumbest and most unreasonable conditions for merchants. That's why it's the deadest market. It's just awful.",5,False,Bad,gogivogi
2021-03-05 09:34:41,"First of all, I want to say that your application is the most convenient search of all other exchanges, there is only a huge request!  Add push notifications when the order is completed, at least completely.",5,False,Very nice!,SHADOW.ua
2022-04-11 00:04:15,"A wonderful exchange with a huge number of
coins, which of course pleases, I recommend it
to everyone",5,False,interesting product,77.17_k
2022-01-26 10:16:55,"Very handy application, among many others! Keep it up! Looking forward to improvements!",5,False,Super app,Sailor_10
2022-03-17 13:24:48,"That company changed on conditions during the action of promo, They didn‚Äôt indicate another conditions for promo in description but they counted with that hidden conditions and also very slow support and Their Russian chat where people were against help to Ukraine and representative of company were agree with such point of view",1,False,Promo for Ukraine with fund in 65 k dollars,Alex15111
2022-04-16 16:50:54,"I was send XCUR token by BEP20 chain 24 hours ago! And they are dont arrive now to KuCoin!!!! Support dont answer me, support ticket without answer! What i should to do? 
Why don't the coins sent yesterday arrive in my account? How am I supposed to understand this and why are there no responses to my messages? Who is responsible for this and for losses incurred due to exchange rate volatility??",1,False,Scam????,vadosich38
2022-01-25 07:33:25,"A wonderful exchange with a huge number of coins, which of course pleases, I recommend it to everyone",5,False,Great exchange,–û–ª–µ–≥16674
2022-01-25 11:17:12,I only use this app,5,False,Good app,nickmedia
2022-05-23 04:51:21,I make only to times deposit from my visa and they blocked my opportunity to buy by my card. Support can‚Äôt do anything. They just tell me that i can change my card or by on p2p. I‚Äôam crazy by it because i waited 24 hours verification and waste a-lot of time .,1,False,Terrible,gosha9966
2022-12-10 12:37:20,"don‚Äôt recommend at all
can‚Äôt register
support just closed chat without any answer
I can‚Äôt imagine what could be in case of more critical issues you can just lost your money 
thanks for red light at the first stage (registration)",1,False,can‚Äôt even register support answered nothing,nickname 4645784
2022-05-31 21:13:02,"instead of winding up reviews and doing a useless redesign of the interface, it would be better to solve the problem with the constant logging out of the account",1,False,a little more and I'll leave this exchange,qrwtshjxid
2022-03-23 10:26:26,"I could not convert crypto to fiat and I could not delete my account, they keep sending me emails. Not trustworthy. They are not letting me close my account for a long time already, the support is ignoring me",1,False,Just bad,Julien Ivantsiv
2018-07-03 13:26:51,"Can you please tell what happened with the last updated version? There is no Balance, charts, favorite coins and other things in menu...",1,False,Everything disappeared in the app,MaxFire_ua
2023-01-02 20:36:49,"Why I need KYC to change my number, I lost it",3,False,Phone issues,–ì–∏–Ω–∏–π
2022-06-06 08:51:25,"really liked the exchange with a great program, we recommend it to everyone",5,False,üòçüòç,mariabrlk
2022-01-25 07:09:11,"This is my favourite crypto app
Recommend",5,False,Best crypto app,yablonko
2021-08-10 18:09:54,everything‚Äôs good except they can‚Äôt manage how to enable sound alerts on the latest ios on iphone 12 pro max.,3,False,no sound notifications,extremegym
2022-03-10 09:04:33,"When I deposit $70 and trying sent it to binance my account was blocked, support is not responding",1,False,Scam,@orest_ms
2021-12-03 19:40:43,I‚Äôve sent photos for verification one month ago and STILL NOT RECEIVED ANY RESPONSE! You kidding ?!,1,False,Disgusting service,CaribeanKing
2022-09-17 05:11:19,transferred bitcoin by the kcc system to a third-party wallet not of the KuCoin system and the money disappeared and did not come,1,False,–ñ–∞–ª–æ–±–∞ üëéüëéüëé,rina-1810
2022-04-05 19:33:38,"good app, lots to learn",5,False,NICE,D A N C H O
2021-12-10 16:31:25,It requires a lot of other software to use. Probably viruses,1,False,Be careful,oz.Gamer
2022-11-10 14:56:57,"–ü–æ–¥–∞—Ä–∫–∏ –æ—Ç –∫–æ–Ω—Ç–æ—Ä—ã - –∫–∞–π—Ñ.
TEKuep4nDH8LrbTcyhP61HG6KG1Li5RVBa",5,False,–ü–æ–¥–∞—Ä–∫–∏,Grigoryz
2020-05-17 08:14:27,why can't you take both take and stop los at the same time,1,False,oso order type,Chic help
2021-11-30 07:24:58,3 weeks waiting verification. Nice app.,1,False,Verification,Fanat111
2022-03-14 19:54:51,"–ù—É –ø–æ—á–Ω–µ–º–æ –∑ —Ç–æ–≥–æ —â–æ –∞–∫—Ü—ñ—ó –ø–ª–∞—Ç—Ñ–æ—Ä–º–∏ –ø–æ–≤–Ω–∞ –¥–Ω–æ, –¥–µ —É–º–æ–≤–∏ –º—ñ–Ω—è—é—Ç—å—Å—è –ø–æ –ø–∞—Ä—É —Ä–∞–∑—ñ–≤, –¥–µ —Ä–∞–Ω–¥–æ–º–Ω–æ –≤–∏–ø–ª–∞—á—É—é—Ç—å –∞ –Ω–µ –≤—Å—ñ–º —è–∫ –±—É–ª–æ –æ–±—ñ—Ü—è–Ω–æ. –ù–µ —Ä–µ–∫–æ–º–µ–Ω–¥—É—é –±—Ä–∞—Ç–∏ —É—á–∞—Å—Ç—ñ —Ç–æ–º—É —â–æ –æ—Ä–≥–∞–Ω—ñ–∑–∞—Ü—ñ—è –±–µ–∑–¥–∞—Ä–Ω–∞ —ñ –±–∞–≥–∞—Ç–æ –ª—é–¥–µ–π –ø–æ—Ç—Ä–∞—Ç–∏–ª–∏ —Å–≤—ñ–π —á–∞—Å –≤ –ø—É—Å—Ç—É.",1,False,–ë–µ–∑–¥–∞—Ä–Ω–∞ –æ—Ä–≥–∞–Ω—ñ–∑–∞—Ü—ñ—è,Resfi0
2021-11-10 22:39:52,"–ü—Ä–æ—Å—Ç–æ –¥–Ω–∏—â–µ. –ò—Ö —Å–º—Å –≤–µ—Ä–∏—Ñ–∏–∫–∞—Ü–∏—è —ç—Ç–æ –≤–Ω–∞—Ç—É—Ä–µ –¥–Ω–æ. –ö–æ–≥–¥–∞ –±–∏—Ç–æ–∫ –Ω–∞—á–∞–ª —Å–∫–≤–∏–∑–∏—Ç—å —Ö–æ—Ç–µ–ª –∑–∞–π—Ç–∏ –∏ –∑–∞–∫—Ä—ã—Ç—å –ø–æ–∑–∏—Ü–∏–∏, –Ω–æ –º–µ–Ω—è –≤—ã–±–∏–ª–æ —Å –ø—Ä–æ—Ñ–∏–ª—è, –ø—ã—Ç–∞–ª—Å—è –ø–µ—Ä–µ–∑–∞–π—Ç–∏, –∞ –≤ –∏—Ç–æ–≥–µ —Å—Ç–æ –ª–µ—Ç –∂–¥–∞–ª —Å–º—Å. –°–º—Å –ø—Ä–∏—à–ª–∏, –Ω–æ –º–µ–Ω—è –∑–∞–±–∞–Ω–∏–ª–∏ –Ω–∞ 2 —á–∞—Å–∞. –í–°–Å –£–ü–ê–õ–û, –õ–∏–∫–≤–∏–¥—ã —Å–ª–æ–≤–∏–ª. –°–ø–∞—Å–∏–±–æ —É—Ä–æ–¥–∞–º –∑–∞ –∫—Ä–∏–≤—É—é –±–∏—Ä–∂—É",1,False,–î–Ω–æ,Rumpelvin
2019-12-20 11:36:11,"–û—Ç–ø—Ä–∞–≤–∏–ª –≤—Å–µ –¥–∞–Ω–Ω—ã–µ , –æ—Ç–ø–∏—Å–∞–ª–∏ —á—Ç–æ –∫—É—Å –ø—Ä–æ–π–¥–µ–Ω , –∞ –Ω–∞ —Å—Ç—Ä–∞–Ω–∏—Ü–µ –ø—Ä–æ—Ö–æ–∂–¥–µ–Ω–∏—è –≤–∏—Å–∏—Ç : –∑–∞–≤–µ—Ä—à–∏—Ç–µ –∫—É—Å . –ò –Ω–∏–æ–¥–Ω–æ–π –∫–Ω–æ–ø–∫–∏",2,False,–ù–µ –ø–æ–Ω—è—Ç–Ω–æ –∫–∞–∫ –∑–∞–≤–µ—Ä—à–∏—Ç—å –∫—É—Å,serewko13
2023-05-05 16:36:34,"–ó–∞–∫–∏–Ω—É–ª USDT –Ω–∞ KuCoin, —á—Ç–æ–±—ã –∫—É–ø–∏—Ç—å –º–µ–º PEPE –¥–æ –ª–∏—Å—Ç–∏–Ω–≥–∞ –Ω–∞ –ë–∞–Ω–∞–Ω–µ, –∏ —á—Ç–æ –≤—ã –¥—É–º–∞–µ—Ç–µ - –æ–Ω–∏ –∑–∞–±–ª–æ–∫–∏—Ä–æ–≤–∞–ª–∏ –≤—ã–≤–æ–¥ –≤ –¥–µ–Ω—å –ª–∏—Å—Ç–∏–Ω–≥–∞ - –æ—á–µ–Ω—å –Ω–µ –∫—Ä–∞—Å–∏–≤–æ –∏ –Ω–µ—á–µ—Å—Ç–Ω–æ —è —Ä–æ–∑–∞—á–µ—Ä–æ–≤–∞–Ω",1,False,–°–ø–µ—Ü–∏–∞–ª—å–Ω–æ —Å—Ç–∞—Ä–∞—é—Ç—Å—è –∑–∞–¥–µ—Ä–∂–∞—Ç—å –¥–µ–Ω—å–≥–∏ —É —Å–µ–±—è,Viktor Vizl
2023-04-04 15:52:49,Please add Ukrainian language to KuCoin app,1,False,Missing language,–†–æ—Å—Ç–∏—Å–ª–∞–≤ –°–∞–ª–∞–±–∞–π
2023-03-03 06:28:46,"–ù–µ —Å–º–æ–≥ –ø—Ä–æ–π—Ç–∏ —Ä–µ–≥–∏—Å—Ç—Ä–∞—Ü–∏—é, –Ω–µ –ø—Ä–∏—Ö–æ–¥–∏—Ç –∫–æ–¥ –ø–æ–¥—Ç–≤–µ—Ä–∂–¥–µ–Ω–∏—è. –ù–∏ –≤ –°–ú–° –Ω–∏ –≥–æ–ª–æ—Å–æ–≤–æ–π‚Ä¶
–ü—Ä–∏ —Ç–æ–º —á—Ç–æ –≤—Å–µ –æ—Å—Ç–∞–ª—å–Ω—ã–µ —Å–º—Å –∏ –∑–≤–æ–Ω–∫–∏ –¥–æ—Ö–æ–¥—è—Ç) –ü—Ä–∏–Ω—è–ª —ç—Ç–æ –∫–∞–∫ ¬´–∑–Ω–∞–∫¬ª —É —É–¥–∞–ª–∏–ª –ø—Ä–æ–≥—É.
–ï—Å–ª–∏ —É –±–∏—Ä–∂–∏ –ø—Ä–æ–±–ª–µ–º—ã –Ω–∞ —Ç–∞–∫–æ–º —É—Ä–æ–≤–Ω–µ, —á–µ–≥–æ –º–æ–∂–Ω–æ –æ–∂–∏–¥–∞—Ç—å ¬´–≥–ª—É–±–∂–µ¬ª?:)",1,False,–ù—É —Ç–∞–∫–æ–µ,–û—Ç –º–µ–Ω—è –µ–ø—Ç!
2022-07-07 12:14:03,"–ü–æ—Å—Ç–æ—è–Ω–Ω–æ –∑–∞–≤–∏—Å–∞–µ—Ç. –ü—Ä–∏ –ø—Ä–æ–π–¥–µ–Ω–Ω–æ–π –≤–µ—Ä–∏—Ñ–∏–∫–∞—Ü–∏–∏, –≤—Å—ë —Ä–∞–≤–Ω–æ –ø–∏—à–µ—Ç, —á—Ç–æ –Ω–µ –≤–µ—Ä–∏—Ñ–∏—Ü–∏—Ä–æ–≤–∞–Ω . –¢–µ—Ö–ø–æ–¥–¥–µ—Ä–∂–∫–∏ –Ω–∏ –Ω–∞ —É–∫—Ä–∞–∏–Ω—Å–∫–æ–º , –Ω–∏ –Ω–∞ —Ä—É—Å—Å–∫–æ–º –Ω–µ—Ç (( –ê–∏–Ω–¥—Ä–æ–ø—ã –æ—Ç —ç—Ç–æ–≥–æ –ø—Ä–∏–ª–æ–∂–µ–Ω–∏—è —Ç–æ–∂–µ –≤—Ä–∞–Ω—å—ë! –í–æ–æ–±—â–µ–º —Å–∫–∞–º !–Ω–µ —Ä–µ–∫–æ–º–µ–Ω–¥—É—é!",5,False,–£–∂–∞—Å–Ω–æ–µ –ø—Ä–∏–ª–æ–∂–µ–Ω–∏–µ,–º–∞—Ä–∏—Ç–∞–Ω
2022-09-16 13:37:34,–ù–µ–º–æ–∂–ª–∏–≤–æ —Å—Ç–≤–æ—Ä–∏—Ç–∏ –∞–∫–∫–∞—É–Ω—Ç –∞–±–æ –≤—ñ–¥–Ω–æ–≤–∏—Ç–∏ –ø–∞—Ä–æ–ª—å,2,False,"–ù–µ –ø—Ä–∏—Ö–æ–¥–∏—Ç—å –∫–æ–¥, –Ω—ñ –ø–æ mail, –Ω—ñ –∑–∞ –Ω–æ–º–µ—Ä–æ–º —Ç–µ–ª–µ—Ñ–æ–Ω—É",biletskkate
2022-06-08 12:31:16,–û—Ç–ª–∏—á–Ω–æ–µ –ø—Ä–∏–ª–æ–∂–µ–Ω–∏–µ! –ú–Ω–µ –±–µ–∑—É–º–Ω–æ –Ω—Ä–∞–≤–∏—Ç—å—Å—è. –û—Ñ–æ—Ä–º–ª–µ–Ω–∏–µ –∏ –¥–∏–∑–∞–π–Ω —Å—É–ø–µ—Ä!,5,False,–°—É–ø–µ—Ä!,—Å–∞—à–∞–∞–∞08
2022-06-07 06:14:32,–†–µ–∫–æ–º–µ–Ω–¥—É—é,5,False,–û—á–µ–Ω—å —Ö–æ—Ä–æ—à–µ–µ –ø—Ä–∏–ª–æ–∂–µ–Ω–∏–µ,not.marry
2022-06-05 17:14:00,"–û—á–µ–Ω—å –ø—Ä–æ—Å—Ç–æ–µ –∏ —É–¥–æ–±–Ω–æ–µ, –≤ —Å—Ä–∞–≤–Ω–µ–Ω–∏–∏ —Å –æ—Å—Ç–∞–ª—å–Ω—ã–º–∏ –±–∏—Ä–∂–∞–º–∏. –†–µ–∫–æ–º–µ–Ω–¥—É—é",5,False,–•–æ—Ä–æ—à–µ–µ –ø—Ä–∏–ª–æ–∂–µ–Ω–∏–µ,dr.vrach
2022-06-05 16:16:48,–ß—É–¥–æ–≤–∞ –ø—Ä–æ–≥—Ä–∞–º–º–∞ !,5,False,–î—É–∂–µ –∫—Ä—É—Ç–æ üí™üèª,lorabau
2022-06-03 22:15:00,"–¥—É–∂–µ —Ö–æ—Ä–æ—à–∞ –ø—Ä–æ–≥—Ä–∞–º–∞, —É—Å–µ —á—ñ—Ç–∫–æ —ñ –∑—Ä–æ–∑—É–º—ñ–ª–æü§© —É—Å—ñ–º —Ä–µ–∫–æ–º–µ–Ω–¥—É—é!",5,False,—Å—É–ø–µ—Ä!!!,qxlow
2022-06-03 21:11:59,–ß—É–¥–æ–≤–∞ –ø—Ä–æ–≥—Ä–∞–º–∞,5,False,üòç,Syuzaaaaaanna
2022-06-03 21:01:43,–Ø –≤—Ä–∞–∂–µ–Ω–∞üòç,5,False,–ö—Ä—É—Ç–æ,–ö—Ä—ñ—Å—Ç—ñ–Ω–∞25
2022-06-03 19:02:52,"–û—Ç–ª–∏—á–Ω–æ–µ –ø—Ä–∏–ª–æ–∂–µ–Ω–∏–µ, –Ω—É–∂–Ω–æ –Ω–µ–º–Ω–æ–≥–æ —Ä–∞–∑–æ–±—Ä–∞—Ç—å—Å—è –∏ –ø—Ä–∏–±—ã–ª—å –Ω–µ –∑–∞—Å—Ç–∞–≤–∏—Ç —Å–µ–±—è –∂–¥–∞—Ç—å!!!",5,False,–ö–ª–∞—Å—Åüî•,raduga20
2022-06-03 17:37:13,"–ß—É–¥–æ–≤–∏–π —ñ–Ω—Ç–µ—Ä—Ñ–µ–π—Å, —Ä–µ–∫–æ–º–µ–Ω–¥—É—é!",5,False,–ß—É–¥–æ–≤–æ,Luyb_
2022-06-03 09:13:22,–ü—Ä–æ–ø–æ–Ω—É—é —Å–ø—Ä–æ–±—É–≤–∞—Ç–∏ –≤—Å—ñ–º,5,False,–î—É–∂–µ –∫–ª–∞—Å–Ω–∞ –ø—Ä–æ–≥—Ä–∞–º–∞,dianasuhar
2022-06-03 07:08:20,–ö–æ—Ä–∏—Å–Ω–∞ —ñ —Ü—ñ–∫–∞–≤–∞ –ø—Ä–∏–ª–æ–∂—É—Ö–∞ —â–æ–± –ø–æ—Ç—Ä–∞–ø–∏—Ç–∏ –≤ —Å–≤—ñ—Ç —ñ–Ω–≤–µ—Å—Ç–∏—Ü—ñ–π,5,False,–î—É–∂–µ —Ü—ñ–∫–∞–≤–∞ –ø—Ä–∏–ª–æ–∂—É—Ö–∞,AnastasiaSh 245
2022-06-01 22:47:21,"–æ—á–µ–Ω—å –ø—Ä–∏—è—Ç–Ω—ã–π –∏ –ø—Ä–æ—Å—Ç–æ–π –∏–Ω—Ç–µ—Ä—Ñ–µ–π—Å, —ç—Ç–æ –æ—á–µ–Ω—å –≤–∞–∂–Ω–æ! –≤—Å—ë –ø—Ä–æ—Å—Ç–æ –∏ –ø–æ–Ω—è—Ç–Ω–æ! —Ä–µ–∞–ª—å–Ω–æ —Å–æ–≤–µ—Ç—É—é!!!üòç",5,False,—Å–æ–≤–µ—Ç—É—é!!,treshhhhhhhh
2022-06-01 20:37:40,–û—Ç–ª–∏—á–Ω–æ–µ –ø—Ä–∏–ª–æ–∂–µ–Ω–∏–µ. –í—Å–µ –¥–æ—Å—Ç—É–ø–Ω–æ –∏ –ø–æ–Ω—è—Ç–Ω–æüî•,5,False,Anni,zeniatsy
2022-06-01 18:41:59,–ü—Ä–∏–ª–æ–∂–µ–Ω–∏—è –æ—á–µ–Ω—å —Ö–æ—Ä–æ—à–æ–µ —Ä–µ–∫–æ–º–µ–Ω–¥—É—é,5,False,Kucoin,nikitiss
2022-06-01 13:57:49,–•–æ—Ä–æ—à–∞—è –±–∏—Ä–∂–∞,5,False,–û—Ç–ª–∏—á–Ω–æ,Valenti08
2022-05-31 18:37:08,"–í—Å–µ —Å—É–ø–µ—Ä, –ø—Ä–æ—Å—Ç–æ –∏ –ø–æ–Ω—è—Ç–Ω–æ! –†–∞–±–æ—Ç–∞–µ—Ç –æ—Ç–ª–∏—á–Ω–æ, –æ—á–µ–Ω—å –¥–æ–≤–æ–ª—å–Ω–∞ –∏ –±—É–¥—É –µ–≥–æ —Å–æ–≤–µ—Ç–æ–≤–∞—Ç—å –¥—Ä—É–∑—å—è–º!",5,False,–û—Ç–ª–∏—á–Ω–æ!,Anastasiia_bon
2022-05-30 13:17:25,–ù–µ–π–º–æ–≤—ñ—Ä–Ω–æüòç–ø—Ä–∞—Ü—é—î —á—É–¥–æ–≤–æüëçüèª,5,False,KuCoin-Beta,Alina@13
2022-05-30 08:55:14,–û—á–µ–Ω—å –∫—Ä—É—Ç–æ–µ –ø—Ä–∏–ª–æ–∂–µ–Ω–∏–µ!! –Ø –≤ –≤–æ—Å—Ç–æ—Ä–≥–µüòçüòç,5,False,üòá,skubry84
2022-05-30 08:50:48,"–î—É–∂–µ –∑–∞–¥–æ–≤–æ–ª–µ–Ω–∞ —Ü—ñ—î—é –ø—Ä–æ–≥—Ä–∞–º–æ—é. –ß—ñ—Ç–∫–∏–π —ñ–Ω—Ç–µ—Ä—Ñ–µ–π—Å.–í—Å–µ –¥–æ—Å—Ç—É–ø–Ω–æ —Ç–∞ –∑—Ä–æ–∑—É–º—ñ–ª–æ, —á—ñ—Ç–∫–∞ —Ç–∞ –¥–æ—Å—Ç—É–ø–Ω–∞ –∫—Ä–∏–ø—Ç–æ –±—ñ—Ä–∂–∞. –¢–∞–∫–æ–∂ –≤–µ–ª–∏–∫–∏–º –ø–ª—é—Å–æ–º —î —Ç–µ —â–æ –≤ –¥–æ–¥–∞—Ç–∫—É —î –Ω–∞–≤—á–∞–Ω–Ω—è. –ü—Ä–æ—Å—Ç–æ —ñ –¥—É–∂–µ –∑—Ä—É—á–Ω–æ. –ì—Ä–æ—à—ñ –≤–∏–≤–æ–¥—è—Ç—å—Å—è –¥—É–∂–µ —à–≤–∏–¥–∫–æ —ñ –≥–æ–ª–æ–≤–Ω–µ —á–µ—Å–Ω–æ.–î—É–∂–µ –¥—è–∫—É—é —Ä–æ–∑—Ä–æ–±–æ—Ç—á–∏–∫–∞–º",5,False,–ö—Ä–∏–ø—Ç–æ,miissssiii
2022-05-29 19:02:42,"–•–æ—Ä–æ—à–∏–π —Å–∞–π—Ç, –±–∏—Å—Ç—Ä–æ –≤–∏–ø–ª–∞—á—É—é—Ç—å, –≤—Å—ñ–º —Å–æ–≤—ñ—Ç—É—é",5,False,Kushch901,–µ—Ç–æ—Ç –ø—Å–µ–≤–¥–æ–Ω–∏–º –∑–∞–Ω—è—Ç
2022-05-28 08:06:15,–û—á–µ–Ω—å –ø–æ–Ω—Ä–∞–≤–ª—é—Å—å –ø—Ä–∏–ª–æ–∂–µ–Ω–∏–µ. –í—Å—ë –¥–æ–≤–æ–ª—å–Ω–æ –ø–æ–Ω—è—Ç–Ω–æ. –° —É–¥–æ–≤–æ–ª—å—Å—Ç–≤–∏–µ–º –±—É–¥—É –ø–æ–ª—å–∑–æ–≤–∞—Ç—å—Å—è –∏–º–µ–Ω–Ω–æ KuCoin. –ü–æ —Å—Ä–∞–≤–Ω–µ–Ω–∏—é —Å –¥—Ä—É–≥–∏–º–∏ –ø—Ä–∏–ª–æ–∂–µ–Ω–∏—è–º–∏ —ç—Ç–æ üî•.,5,False,–ü–æ–ª–æ–∂–∏—Ç–µ–ª—å–Ω—ã–π –æ—Ç–∑—ã–≤,KarolinkaP
2022-05-27 15:31:41,–í—Å–µ –∑–∞–º–µ—á–∞—Ç–µ–ª—å–Ω–æ üòå,5,False,–ö—É–∫–æ–∏–Ω,unecckoo
2022-05-27 12:50:20,"–∑–∞–≥—Ä—É–∑–∏–ª–∞ –ø—Ä–∏–ª–æ–∂–µ–Ω–∏–µ, —Ä–∞–±–æ—Ç–∞–µ—Ç –≤—Å–µ —Ö–æ—Ä–æ—à–æ! –Ω–∏–∫–∞–∫–∏—Ö –∂–∞–ª–æ–±, —Å–ø–∞—Å–∏–±–æ –∑–∞ –∫–∞—á–µ—Å—Ç–≤–æ! –≤—Å–µ–º –±—É–¥—É —Å–æ–≤–µ—Ç–æ–≤–∞—Ç—å",5,False,–æ—Ç–ª–∏—á–Ω–æ–µ –ø—Ä–∏–ª–æ–∂–µ–Ω–∏–µ,nadyyyaaa
2022-05-27 10:31:26,"–õ—É—á—à–µ–µ –ø—Ä–∏–ª–æ–∂–µ–Ω–∏–µ –¥–ª—è –∑–∞—Ä–∞–±–æ—Ç–∫–∞ , —á—Ç–æ —è –≤—Å—Ç—Ä–µ—á–∞–ª–∞. –° —É–¥–æ–±–Ω—ã–º –∏ –ø–æ–Ω—è—Ç–Ω—ã–º –∏–Ω—Ç–µ—Ä—Ñ–µ–π—Å–æ–º , —á—Ç–æ —Ç–æ–∂–µ –Ω–µ –º–∞–ª–æ –≤–∞–∂–Ω–æ! –ë–ª–∞–≥–æ–¥–∞—Ä—é —Ä–∞–∑—Ä–∞–±–æ—Ç—á–∏–∫–æ–≤!!",5,False,–õ—É—á—à–µ–µ –ø—Ä–∏–ª–æ–∂–µ–Ω–∏–µ,lemalya
2022-05-26 06:20:53,"–ß–µ—Å—Ç–Ω–æ –∫–∞–∂—É—á–∏ , —è –Ω–µ –∑–Ω–∞–ª–∞ –¥–æ —Å—å–æ–≥–æ–¥–Ω—ñ—à–Ω—å–æ–≥–æ –¥–Ω—è , —â–æ —î —Ç–∞–∫–µ –∫–ª–∞—Å–Ω–∞ –ø—Ä–æ–≥—Ä–∞–º–∞. –ë—É–¥—É –≤–∏–∫–æ—Ä–∏—Å—Ç–æ–≤—É–≤–∞—Ç–∏ —ó—ó –∫–æ–∂–Ω–æ–≥–æ –¥–Ω—è!",5,False,150462592,Fagsjb
2022-05-25 13:45:36,"–∑–∞–≥—Ä—É–∑–∏–ª–∞ –ø—Ä–∏–ª–æ–∂–µ–Ω–∏–µ , —Ä–∞–±–æ—Ç–∞–µ—Ç –≤—Å—ë —Ö–æ—Ä–æ—à–æ , –Ω–∏–∫–∞–∫–∏—Ö –∂–∞–ª–æ–± , —Å–ø–∞—Å–∏–±–æ –∑–∞ –∫–∞—á–µ—Å—Ç–≤–æ! –≤—Å–µ–º –±—É–¥—É —Å–æ–≤–µ—Ç–æ–≤–∞—Ç—å",5,False,–º–æ–π –æ—Ç–∑—ã–≤,–∏–∏–ø—Ä—å—Ç—Ç–ª–¥–∂
2022-05-24 19:59:13,–•–æ—Ä–æ—à–∏–π –¥–æ–¥–∞—Ç–æ–∫ –¥–ª—è –∑–∞—Ä–æ–±—ñ—Ç–∫—É,5,False,–í—ñ–¥–≥—É–∫,Marina Kolesnik
2022-05-24 16:14:59,–•–æ—Ä–æ—à–∞—è –±–∏—Ä–∂–∞. –ù–∞—á–∏–Ω–∞—é—â–∏–º —Ç—Ä–µ–π–¥–µ—Ä–∞–º –º–æ–∂–Ω–æ –≤–∑—è—Ç—å –Ω–∞ –∑–∞–º–µ—Ç–∫—É.,5,False,Kukoin,Innakorf
2022-05-24 15:04:11,"–û—á–µ–Ω—å —É–¥–æ–±–Ω–æ–µ –ø—Ä–∏–ª–æ–∂–µ–Ω–∏–µ –≤ –∏—Å–ø–æ–ª—å–∑–æ–≤–∞–Ω–∏–∏, —Ä–∞–∑—Ä–∞–±–æ—Ç—á–∏–∫ —É—Å–æ–≤–µ—Ä—à–µ–Ω—Å—Ç–≤–æ–≤–∞–ª –≤—Å–µ —Ñ—É–Ω–∫—Ü–∏–∏, –ø—Ä–∏—è—Ç–Ω–æ —Ä–∞–±–æ—Ç–∞—Ç—å!",5,False,–£–ª—É—á—à–µ–Ω–Ω—ã–π –∏–Ω—Ç–µ—Ä—Ñ–µ–π—Å,JuliaP107
2022-05-24 13:11:17,"—É–¥–æ–±–Ω–æ–µ –∏ –ø—Ä–æ—Å—Ç–æ–µ –≤ –∏—Å–ø–æ–ª—å–∑–æ–≤–∞–Ω–∏–∏.
–≤—Å—è –∏–Ω—Ñ–æ—Ä–º–∞—Ü–∏—è, –ø–æ–¥–¥–µ—Ä–∂–∫–∞ –∏ –ø–æ–º–æ—â—å –ø—Ä–µ–¥–æ—Å—Ç–∞–≤–ª–µ–Ω—ã.",5,False,–¥–æ–≤–æ–ª—å–Ω–∞ –ø—Ä–∏–ª–æ–∂–µ–Ω–∏–µ–º!,skeletonfq
2022-05-24 01:38:07,"—Å–ª—É—à–∞–π—Ç–µ, —ç—Ç–æ —Å–∞–º–∞—è —É–¥–æ–±–Ω–∞—è –∏ –¥–æ—Å—Ç—É–ø–Ω–∞—è –±–∏—Ä–∂–∞, –æ–Ω–∞ –æ–¥–Ω–æ–∑–Ω–∞—á–Ω–æ –æ–¥–Ω–∞ –∏–∑ –ª—É—á—à–∏—Ö!)",5,False,üëèüëè,fffrikoy
2022-05-22 14:16:32,–ó–∞–º–µ—á–∞—Ç–µ–ª—å–Ω–∞—è –±–∏—Ä–∂–∞ —Å –æ–≥—Ä–æ–º–Ω—ã–º –∫–æ–ª–∏—á–µ—Å—Ç–≤–æ–º –º–æ–Ω–µ—Ç. –û–±—è–∑–∞—Ç–µ–ª—å–Ω–æ —Ä–µ–∫–æ–º–µ–Ω–¥—É—é.,5,False,–û—Ç–∑—ã–≤,Maryna09
2022-05-22 09:38:47,"–û—á–µ–Ω—å –∏–Ω—Ç–µ—Ä–µ—Å–Ω—ã–π –¥–∏–∑–∞–π–Ω. –°—Ç–∞–≤–ª—é 5 –∑–≤—ë–∑–¥ –∑–∞ —Ç–æ—Ç, —á—Ç–æ –æ—á–µ–Ω—å —É–¥–æ–±–Ω–æ —Ä–∞–±–æ—Ç–∞—Ç—å –≤ —ç—Ç–æ–º –ø—Ä–∏–ª–æ–∂–µ–Ω–∏–∏. –°–ø–∞—Å–∏–±–æ!",5,False,Good,mr.Zanosidis
2022-04-19 20:27:54,–î–æ—Å—Ç–æ–π–Ω—ã–π –ø—Ä–∏–ª–æ–∂–µ–Ω–∏–µ –¥–ª—è —Ä—ã–Ω–∫–∞ –∫—Ä–∏–ø—Ç–æ–≤–∞–ª—é—Ç—ãüëåüëç,5,False,üëå,Eleonora3333
2022-05-14 22:27:17,–î–∏–∑–∞–π–Ω –º–æ–∂–Ω–∞ –∫—Ä–∞—â–µ –∞—Ç–æ –≤—Å–µ –æ–¥–∏–Ω–∞–∫–æ–≤–æ,3,False,–î–∏–∑–∞–π–Ω,romaxa95
2022-04-21 09:36:44,"–≠—Ç–æ —É–∂–∞—Å, –ø–æ–ø–æ–ª–Ω–∏–ª–∞ –Ω–∞ 764¬£ –±–∏—Ä–∂—É. –ú–∞–ª–æ —Ç–æ–≥–æ, —á—Ç–æ –¥–µ–Ω—å–≥–∏ –Ω–µ –ø—Ä–∏—à–ª–∏ –Ω–∞ –±–∏—Ä–∂—É, —Ç–∞–∫ –ø–æ–¥–¥–µ—Ä–∂–∫–∞ –æ—Ç—Ç—è–≥–∏–≤–∞–µ—Ç –ø–æ—Å—Ç–æ—è–Ω–Ω–æ —Å–æ —Å—Ä–æ–∫–æ–º –≤—ã–ø–ª–∞—Ç—ã, –ø—Ä–∏—Å—ã–ª–∞–µ—Ç —à–∞–±–ª–æ–Ω–Ω—ã–µ —Å–æ–æ–±—â–µ–Ω–∏—è –æ —Ç–æ–º, —á—Ç–æ –ø–µ—Ä–µ–¥–∞–ª–∏ –º–æ—é –ø—Ä–æ–±–ª–µ–º—É –≤ —Å–æ–æ—Ç–≤–µ—Å—Ç–≤—É—é—â—É—é —Å–ª—É–∂–±—É –∏ –ø—Ä–æ–±–ª–µ–º–∞ –Ω–µ —Ä–µ—à–∞–µ—Ç—Å—è. –ù–µ —Å–æ–≤–µ—Ç—É—é –¥–∞–Ω–Ω—É—é –±–∏—Ä–∂—É, —Ç–∞–∫ –∫–∞–∫ —Å–≤–æ–∏ –¥–µ–Ω—å–≥–∏ —è –Ω–µ –ø–æ–ª—É—á–∏–ª–∞! –û–±—Ö–æ–¥–∏—Ç–µ —Å—Ç–æ—Ä–æ–Ω–æ–π —ç—Ç–∏—Ö –º–æ—â–µ–Ω–Ω–∏–∫–æ–≤, –≤—ã –ø–æ—Ç–µ—Ä—è–µ—Ç–µ —Å–≤–æ–∏ –¥–µ–Ω—å–≥–∏!",1,False,–£–∂–∞—Å–Ω–∞—è —Ç–µ—Ö. –ø–æ–¥–¥–µ—Ä–∂–∫–∞!!! –û–Ω–∏ —É–∫—Ä–∞–ª–∏ –º–æ–∏ –¥–µ–Ω—å–≥–∏!!,liudmyla fedak
2022-04-19 12:30:22,"–ü–æ–¥—É–º–∞–≤ –æ —Ñ–∏–Ω–∞–Ω—Å–∞—Ö, –º–Ω–µ —Å—Ä–∞–∑—É –ø—Ä–∏—à–ª–∞ –∏–¥–µ—è –æ –ø–æ–∫—É–ø–∫–µ –±–∏—Ç–∫–æ–∏–Ω–æ–≤! –Ø –Ω–æ–≤–∏—á–æ–∫, –±—ã–ª–æ –Ω–µ–ø—Ä–∏–≤—ã—á–Ω–æ, –Ω–æ —è —Ä–∞–∑–æ–±—Ä–∞–ª–∞—Å—å –æ—á–µ–Ω—å –±—ã—Å—Ç—Ä–æ —Å –ø–æ–º–æ—â—å—é —ç—Ç–æ–≥–æ –ø—Ä–∏–ª–æ–∂–µ–Ω–∏—è! –ò –¥–∞- –∫–æ–º–∏—Å—Å–∏—è –¥–µ–π—Å—Ç–≤–∏—Ç–µ–ª—å–Ω–æ —Å–∞–º–∞—è –Ω–∏–∑–∫–∞—è –∫–∞–∫ –∑–∞—è–≤–ª—è–µ—Ç —Ä–∞–∑—Ä–∞–±–æ—Ç—á–∏–∫! –ù–æ –∑–¥–µ—Å—å –µ—â–µ –º–æ–∂–Ω–æ –∫—É–ø–∏—Ç—å : eth, ltc, xrp! –ò —á—Ç–æ –¥–ª—è –º–µ–Ω—è –±—ã–ª–æ –≥–ª–∞–≤–Ω—ã–º-—Ç–∞–∫ —ç—Ç–æ –±–µ–∑–æ–ø–∞—Å–Ω–æ—Å—Ç—å! –ó–∞—â–∏—Ç–∞ –º–æ–∏—Ö –±–∏—Ç–∫–æ–∏–Ω–æ–≤! –û–±—è–∑–∞—Ç–µ–ª—å–Ω–æ –ø–æ–¥–µ–ª—é—Å—å —Å –¥—Ä—É–∑—å—è–º–∏ —ç—Ç–æ–π –ø–ª–∞—Ç—Ñ–æ—Ä–º–æ–π!",5,False,–ö–ª–∞—Å—Å,nesik@
2022-04-17 19:22:21,"–õ–µ–≥–∫–∞ —Ç–∞ –∫–æ—Ä–∏—Å–Ω–∞ –ø—Ä–æ–≥—Ä–∞–º–∞. –®–≤–∏–¥–∫–æ —Ä–æ–∑—ñ–±—Ä–∞–ª–∞, —â–æ —ñ –¥–µ —Ä–æ–±–∏—Ç–∏))",5,False,–ß—É–¥–æ–≤–∞ –ø—Ä–æ–≥—Ä–∞–º–∞,01–ö–æ—Ä–Ω–µ–ª–∏—è00
2022-04-17 19:10:27,"–î—É–∂–µ —Ö–æ—Ä–æ—à–∞ –ø—Ä–æ–≥—Ä–∞–º–∞ , –≤—Å–µ —è—Å–Ω–æ —ñ –¥–æ—Å—Ç—É–ø–Ω–æ , –∫–æ—Ä–∏—Å—Ç—É–π—Ç–µ—Å—å ))",5,False,–£–ª—è–Ω–∞,Uliana1155
2022-04-17 16:59:05,"–û—Ç–ª–∏—á–Ω–æ–µ –ø—Ä–∏–ª–æ–∂–µ–Ω–∏–µ —Å–≤—è–∑–∞–Ω–Ω–æ–µ —Å –∫—Ä–∏–ø—Ç–æ–π, –ø–æ–¥–æ–π–¥—ë—Ç –¥–ª—è –Ω–æ–≤–∏—á–∫–æ–≤",5,False,–ö—Ä–∏–ø—Ç–∞,Koteyka_1711
2022-04-15 20:25:15,–î—É–∂–µ –∑—Ä—É—á–Ω–∞ –ø—Ä–æ–≥—Ä–∞–º–∞. –õ–µ–≥–∫–æ –∑ —É—Å—ñ–º —Ä–æ–∑—ñ–±—Ä–∞–ª–∞—Å—è.,5,False,KuCoin,Anastasiia_St_27
2022-04-15 17:58:19,–í—Å–µ –æ—á–µ–Ω—å –∫–ª–∞—Å—Å–Ω–æ –∏ –ø–æ–Ω—è—Ç–Ω–æ,5,False,–ê–ª–µ–∫—Å–∞–Ω–¥—Ä–∞,–•–ê–•–ö–ê–•–ö–ñ–ê–•–ö–ñ–ü–•–ï–•–£–•
2022-04-12 09:08:58,–û—Ç–ª–∏—á–Ω–æ–µ –ø—Ä–∏–ª–æ–∂–µ–Ω–∏–µ –¥–ª—è —Ç–µ—Ö –∫—Ç–æ —Ö–æ—á–µ—Ç –¥–µ–Ω–µ–≥ –∏ –ª–µ–∂–∞—Ç—å –¥–ª—è —ç—Ç–æ–≥–æ –Ω–∞ –¥–∏–≤–∞–Ω–µ!,5,False,–°—É–ø–µ—Ä!,Ekaterina1337
2022-04-11 18:35:11,"–ó—Ä—É—á–Ω–∞ –ø—Ä–æ–≥—Ä–∞–º–∞!
–¢–∞–∫ —Ç—Ä–∏–º–∞—Ç–∏!",5,False,Very good,krissmtv08
2022-04-11 13:35:17,"–•–æ—Ä–æ—à–∞—è –±–∏—Ä–∂–∞, –æ—á–µ–Ω—å –ø—Ä–æ—Å—Ç–∞—è –≤ –∏—Å–ø–æ–ª—å–∑–æ–≤–∞–Ω–∏–∏, –≤—Å–µ –ø—Ä–æ—Å—Ç–æ –∏ –ø–æ–Ω—è—Ç–Ω–æ. –°–ø–∞—Å–∏–±–æ —Ä–∞–∑—Ä–∞–±–æ—Ç—á–∏–∫—É!)",5,False,–°–ø–∞—Å–∏–±–æ,–í–∞–Ω—å–∫–∞777
2022-04-11 08:27:23,–•–æ—Ä–æ—à–µ–µ –∫—Ä–∏–ø—Ç–æ–ø—Ä–∏–ª–æ–∂–µ–Ω–∏–µ,5,False,–†–µ–∫–æ–º–µ–Ω–¥—É—é,—Å–æ–Ω—è1072
2022-04-11 11:18:27,"–ß—É–¥–æ–≤–∏–π –æ–±–º—ñ–Ω –∑ –≤–µ–ª–∏—á–µ–∑–Ω–æ—é –∫—ñ–ª—å–∫—ñ—Å—Ç—é –º–æ–Ω–µ—Ç, —â–æ –∑–≤–∏—á–∞–π–Ω–æ —Ä–∞–¥—É—î, –≤—Å—ñ–º —Ä–µ–∫–æ–º–µ–Ω–¥—É—é",4,False,Kucoin,vvvvvvaaaaaallll
2022-04-10 22:57:52,–û—Ç–ª–∏—á–Ω–æ–µ –ø—Ä–∏–ª–æ–∂–µ–Ω–∏–µ –ø–æ —Ä–∞–±–æ—Ç–µ —Å –∫—Ä–∏–ø—Ç–æ–≤–∞–ª—é—Ç–æ–π!,5,False,–°—É–ø–µ—Ä!,anutik2401
2022-04-09 17:20:15,–í—ã–ø–ª–∞—Ç—ã –ø—Ä–æ–∏–∑–≤–æ–¥—è—Ç—Å—è —Å–≤–æ–µ–≤—Ä–µ–º–µ–Ω–Ω–æ üòç,5,False,–õ—É—á—à–∞—è –±–∏—Ä–∂–∞,Alexandrineee
2022-04-09 16:27:25,–ö–ª–∞–Ω–µ –ø—Ä–∏–ª–æ–∂–µ–Ω—ñ—è —Ä–µ–∫–æ–º–µ–Ω–¥—É—é üëç,5,False,Roman 0255,Roman 0255
2022-04-08 15:18:20,–û—á–µ–Ω—å —É–¥–æ–±–Ω–æ–µ –ø—Ä–∏–ª–æ–∂–µ–Ω–∏–µ –¥–ª—è —Ä–∞–±–æ—Ç—ã —Å –∫—Ä–∏–ø—Ç–æ–π !,5,False,–°—É–ø–µ—Ä!,dead_lovee_
2022-04-08 15:12:06,–í—ã–≥–æ–¥–Ω–æ –ø—Ä–æ–¥–∞–≤–∞—Ç—å USDT –≤—ã–≥–æ–¥–Ω–µ–µ –Ω–µ –≤—Å—Ç—Ä–µ—á–∞–ª–∞ –æ—á–µ–Ω—å –∫—Ä—É—Ç–æ —á—Ç–æ –Ω–∞—à–ª–∞ —Ç–∞–∫–æ–µ –ø—Ä–∏–ª–æ–∂–µ–Ω–∏–µ.–ö—Ä–∏–ø—Ç–∞ –≤ –ö—É–∫–æ–∏–Ω —Ç–æ–ø –≤—Å–µ–º —Å–æ–≤–µ—Ç—É—é),5,False,–°–∫–∞—á–∏–≤–∞–π—Ç–µ,–†–µ–Ω–∞–ª—å–¥–∏–Ω–∏—è
2022-04-07 07:06:11,–°–∞–º–∞—è –ª—É—á—à–∞—è –∫—Ä–∏–ø—Ç–æ–±–∏—Ä–∂–∞ !!! –í—Å—ë –ª–µ–≥–∫–æ –∏ –ø–æ–Ω—è—Ç–Ω–æ!!!!,5,False,–°—É–ø–µ—Ä,–î–∞—à–∞ 277
2022-04-06 18:21:40,–ø—Ä–∞—Ü—é—î –≤—Å–µ —è–∫ —Ç—Ä–µ–±–∞!—Ä–µ–∫–æ–º–µ–Ω–¥—É—é —É—Å—ñ–º,5,False,–¥—É–∂–µ –≥–∞—Ä–Ω–µ,coconatrise
2020-10-30 10:54:33,–≠—Ç–æ –Ω–µ –ø–æ—Å–ª–µ–¥–Ω—è—è ! –î–æ–±–∞–≤—å—Ç–µ –ø–æ—Å–ª–µ–¥–Ω—é—é –≤–µ—Ä—Å–∏—é !,5,False,–ö–æ–≥–¥–∞ –¥–æ–±–∞–≤–∏—Ç–µ –ø–æ—Å–ª–µ–¥–Ω—é—é –≤–µ—Ä—Å–∏—é ????,–®–∞–Ω—Å–∏–ª–∏—Å–ª—É—á–∞–π?
2022-03-07 18:15:43,"–û–±–µ—â–∞–ª–∏ –≤—ã–¥–µ–ª–∏—Ç—å –∫–∞–∂–¥–æ–º—É —É–∫—Ä–∞–∏–Ω—Ü—É –ø–æ 20$, –≤ –∏—Ç–æ–≥–µ –æ–ø—Ä–æ–∫–∏–Ω—É–ª–∏ –≤—Å–µ—Ö. –ù–µ —Ö–æ—Ä–æ—à–æ –ø–æ—Å—Ç—É–ø–∞–µ—Ç–µ!",1,False,–ü—Ä–æ—Å—Ç–æ –±–µ—Å—Ç–æ–ª–æ—á–∏.,gr1tzzz
2022-01-26 10:17:59,–í—Å–µ–º —Ä–µ–∫–æ–º–µ–Ω–¥—É—é. –ú–Ω–æ–≥–æ –ø—Ä–µ–¥–ª–æ–∂–µ–Ω–∏–π,4,False,–û—á–µ–Ω—å –∫—Ä—É—Ç–∞—è –±–∏—Ä–∂–∞!!!,Avgusta Velykocha
2021-12-14 21:03:21,"–ü–æ—Ä–∞–±–æ—Ç–∞–π—Ç–µ —Å —Ä–µ—Ñ–µ—Ä–∞–ª—å–Ω–æ–π —Å—Å—ã–ª–∫–æ–π ! –ù–µ –Ω–∞—à—ë–ª —Ç–∞–∫–æ–≤—É—é –≤–æ–æ–±—â–µ ! –ï—Å—Ç—å QR code , –Ω–æ –Ω–µ –≤—Å–µ–≥–¥–∞ —É–¥–æ–±–Ω–æ –µ–≥–æ –ø—É–±–ª–∏–∫–æ–≤–∞—Ç—å .",3,False,–†–µ—Ñ–µ—Ä–∞–ª—å–Ω—ã–π —Å–µ—Ä–≤–∏—Å,invesr
2022-11-10 16:03:19,"Nice app for sure. Some people can say something bad about it but guys, at least we can deposit and withdrawn our assets whenever we want. üòÖüòÖüòÖüòÖ 161227639",5,False,GimmemoneyPLS,vojo777
2023-06-05 09:22:07,Just send it to me plz,1,False,I cant receive verification code,kryyev
2022-01-01 01:55:07,I am using the search platform many times per day and assure it's so hard to trust to $3k reward with anytime withdrawal possible for high gain trading deposit when ad was appear just 01.01.2022 and the promotion ends 31.12.2021! Feel free to supervising feedback.,3,False,Highly doubtful,#marketstake
