timestamp,reviews
2023-04-22 17:29:07,我们提供专业、安全和用户友好并且低费用的服务加入我们，赚取更多一路顺风路路发👉👉👉 邀请码推荐码🍹👉QBSAP3ZJ👈🍹 KuCoin 是三大加密货币交易所之一，在全球拥有超过 2000 万注册用户。在这里开始交易 700 多种加密货币，如比特币 （BTC）、以太坊（ETH）、新的加密货币甚至是 MEME 币，我们提供专业、安全和用户友好并且低费用的服务
2023-06-03 10:03:41,为什么马来西亚的不能充值的？
2021-12-23 03:01:27,可以加邀请码r3CPSJP，大家同享多一点福利喔😍😍😍。不错的App，暂时还没问题。只是赠金部分如何领取的说明不清楚。所以玩了这样久合约都没拿到。
2021-07-07 01:22:48,"1：没有持仓列表 2：没有委托订单列表 3：订单无法改价格 数量 合约没法改倍数 止损 止盈价格 4：世界排名已经掉出前5,吃老本，混吃等死"
2019-08-15 10:27:12,新上线的红包功能很有创意，很好玩。
2022-01-01 11:23:55,合约亏75%就强平到一毛都不剩，设置止损直接给我止损价成交。没有成交也有几千的挂单来回跳动。合约是在跟平台做对手盘？
2019-08-15 10:55:53,非常不错的一家良心交易所，使用也非常方便
2021-12-26 08:10:11,20倍合约3个点就爆仓亏完了，显示几千的挂单几张成交就拉几个点位。账号莫名其妙的登陆不上，这就是你们的解决方案？
2023-01-23 06:01:00,kucoin资不抵债有可能无法大量提币，用户注意资金安全，删评论我就重发一次
2022-01-09 18:26:37,这个交易所很好用，快来吧，兄弟们，币圈大佬带，实现财富自由，+微信 :WW0988901
2020-08-01 11:16:06,短信验证码收不到。
2020-11-11 04:33:53,流畅度不错，行情起飞
2021-09-26 06:13:52,无法收到手机验证码
2019-06-16 00:28:18,不刷单.是个好的交易所
2023-03-17 23:39:28,我的邀请码:rM6DSZU，欢迎注册酷币，cnhc铆定交易所。
2021-08-29 07:39:10,返佣20%邀请码：r3VB75C KuCoin是全球知名的数字货币交易所，支持多种数字资产交易。KuCoin成立于2017年9月，目前已成长为最受欢迎的数字货币交易所之一，为全球207个国家和地区的800万用户提供数字货币交易一站式服务。输入邀请码一起返佣
2023-02-08 14:21:33,垃圾騙子平臺，隨意凍結賬戶黑用戶的數字資產
2021-10-09 16:21:54,显示错误的市值，1亿竟显示只有250万。
2021-07-20 02:29:18,邀请码:rJQ743K KuCoin是全球知名的数字货币交易所，支持多种数字资产交易。KuCoin成立于2017年9月，目前已成长为最受欢迎的数字货币交易所之一，为全球207个国家和地区的800万用户提供数字货币交易一站式服务。 输入邀请码一起返佣
2022-04-24 17:14:00,产品好用，但脑子不好使，正所谓上有政策，下有对策，真不知道这老板是不是中国人
2021-10-09 12:28:09,价格比其他交易所贵，会当机导致不能交易，还没有赔偿…现在机器人进不了，大家小心这家交易所
2021-07-06 07:41:06,使用推荐码: rJT73HV 返佣一起拿。 实实在在，不忽悠人。
2022-01-08 05:36:53,看美国。股票。价格多少？美国兑换中国人民币和泰国支票。
2022-02-13 12:24:55,👍🏻👍🏻👍🏻👍🏻👍🏻👍🏻非常好的交易平台~
2018-12-20 10:28:52,刷新出图太慢了！！！
2021-10-05 14:05:03,不知道为啥登录不上了
2019-10-17 18:42:55,app清晰，合约挺喜欢
2022-03-12 13:09:39,rBQ3T4G 请填写这个邀请码。各种优惠好礼赠送。
2021-12-10 16:07:20,生币款式不够多。
2021-08-27 15:45:51,挺好用的
2019-04-18 11:21:48,挺好用的
2021-08-31 12:39:21,新加入kukoin的朋友们可以在注册时填写以下邀请码rJ2TU1P以便在交易时享有手续费回扣
2021-11-22 09:10:52,填写kucoin最新的合伙人邀请码 r3WCHA9 可以获取最高45%的交易返佣。
2022-05-13 04:29:40,非常好 爱了爱了
2021-08-27 05:52:44,使用邀请码享受交易费折扣：rJ8PVYJ
2019-03-01 15:25:51,比v1流畅许多
2022-11-23 15:57:22,怎样出售ustd 去新币？
2022-02-23 03:06:56,rBNYUV2 请填写我的邀请码 领取手续费折扣 双赢！
2022-05-14 11:53:49,邀請碼rP4J5JE，佣金可返現30%
2022-06-19 15:58:45,睡个觉起来 挖到辛苦的币 既然被hack 🤔🤔🤔🤔
2021-08-14 08:43:23,填写邀请码: rJXW3KX
2022-01-18 14:28:43,新加坡可以吗？
2022-01-01 15:40:13,邀请码rBB1KB3
2022-03-25 14:20:45,rPJ6VAK 来来来
2023-03-28 11:43:25,Good 👍
2023-02-09 00:28:11,very good
2022-08-23 15:38:30,非常好用
2022-05-03 01:09:06,Good
2022-07-06 15:21:49,BTC
2022-02-25 07:14:57,Good
2022-02-16 13:52:08,垃圾
2022-01-16 04:52:19,good
2021-12-18 09:06:08,good job
2021-12-26 18:02:46,Note
2021-12-20 23:45:16,good
2021-11-23 12:25:58,骗人的
2021-11-13 16:37:54,疯子平台
2021-11-12 16:17:07,Always out services??!!! Hello!!
2021-10-27 09:27:24,why your system always jam
2021-09-09 01:44:36,快捷，方便
2021-08-28 08:04:19,OK good
2021-08-28 23:48:11,Ok
2021-02-14 00:03:31,etn
2019-06-21 03:38:22,very good
2019-08-15 10:35:28,"Thanks to kucoin I traded digital currency here and bought a lot of kcs, I became very rich, bought a new car and a bigger house."
2019-03-02 05:57:12,nice
2019-02-19 10:56:35,Nice features.
2018-07-06 12:30:49,太垃圾
2018-05-23 06:35:59,除了刷新比较慢以外其它都很好
2018-05-21 04:33:37,cool
2018-05-15 04:31:57,挺好的的一款应用
2018-05-15 10:25:47,相当好用！期待已久！
2019-08-15 11:02:17,The new app is smoother and more professional. It is worth mentioning that the red envelope function is very grounded. Thanks to KuCoin.
2021-07-30 11:50:39,很不好用
2022-08-31 15:11:35,呵呵
2021-11-28 12:34:22,垃圾
